report_date,z0.25y,z0.5y,z0.75y,z1y,z2y,z3y,z4y,z5y,z7y,z10y,z12y,z15y,rmse_bp,n,n_traded,beta0,beta1,beta2,tau
2023-01-03,45.06274709123552,37.050207243234496,33.25269845324604,31.81920624128906,33.89171250257978,37.179372540233,39.34823206469231,40.736616503653075,42.3484189863837,43.56017223864834,44.031439531809184,44.50270702644191,740.4644702138993,75,53,46.38777702124533,14.039658492500344,-69.63317735496906,0.5086213375370163
2023-01-04,31.868099576659528,29.892999554450494,29.798779409958577,29.929325674127366,30.243812525910656,30.355005792093916,30.410611128423138,30.44397433983958,30.482103724332447,30.510700762702108,30.521821833179196,30.532942903656288,859.3507804665384,98,85,30.577427185564645,15.370807970298754,-20.03155889045922,0.14316667851506035
2023-01-05,34.24619396478005,32.03990918309183,31.726170939594397,32.411102448389215,37.565706764941126,41.62486740015331,44.15096060911912,45.75785158426962,47.624184079477025,49.02797196953354,49.57394379974475,50.11991616845134,1109.4046832509528,110,84,52.303805700624366,-12.453634009760824,-47.52830639508483,0.54613676653963
2023-01-06,39.819726520274614,37.47749255953014,36.49018537027504,36.21989148530497,37.21756262399031,38.29472729160885,38.9601835218231,39.37738630378804,39.85855182273386,40.21984415568553,40.36034987353348,40.50085560482539,780.8661457314664,99,84,41.06287853078386,3.584768229715159,-21.457363690912775,0.47169108189601866
2023-01-10,39.39390349074415,36.09719845206991,34.555325542784566,33.970096834455035,34.65280798911007,35.76903460282713,36.4868330343372,36.940960017009125,37.465880718838164,37.860161160502265,38.01349717275756,38.16683320716698,1006.7371768645147,99,42,38.780177346192325,7.059090933665569,-26.285384078978534,0.4785198070088138
2023-01-11,40.18871474968164,36.91467522328948,35.26618681804925,34.54016997406642,34.812598967148155,35.77717879140969,36.43721231461072,36.86243562317534,37.356695028996434,37.72833110420565,37.8728656379721,38.017400231960934,1031.868033013565,103,51,38.59553861261231,7.682679328259369,-24.884075275051405,0.5041495316217968
2023-01-12,35.45684081177752,36.72257104325405,37.78380765772839,38.65863716199519,40.60843976508018,40.696955387728735,39.55607288354415,37.635742444064164,32.629514440708675,24.588161843269873,19.712133590463615,13.51690307215973,1025.395004045415,107,49,-20.82584558575325,54.792854491048075,99.99999999999628,3.512439108764938
2023-01-13,38.48693925030981,34.39078146414533,32.43766421974354,31.590910917919803,31.53242469772369,32.104595568832394,32.470041018503956,32.697807262175786,32.9596360693225,33.15611159623739,33.23251917629882,33.30892675712856,712.895306250645,107,96,33.614557080472224,13.055512062369154,-24.137728722554538,0.4136767030214652
2023-01-16,44.930881636270364,41.67765854594885,39.655265438229314,38.58934830644989,40.10293403946497,45.53486997106157,51.49970469540321,56.84754889273549,64.94303231472041,72.22302206150353,75.21106785293871,78.23035206582348,1142.8453181047853,110,84,90.34520133806873,-40.588966000241854,-99.99999999993379,1.2926910430597036
2023-03-16,19.81211804400586,20.507226594585738,20.458465862393506,19.97146091607349,16.672653107999345,13.746625962847729,11.72727399357478,10.366311103486389,8.736020258138172,7.496557909509827,7.0140391147390195,6.53150484970628,311.0895099712169,58,35,4.601364013445036,13.30727399034767,28.394298700785658,0.6942690854038865
2023-03-17,22.27064252562697,21.50389094697237,20.641032432315114,19.743898593446698,16.419995001947523,13.942846627591594,12.23002650709292,11.046718756709854,9.593146930079467,8.471278297416102,8.0333690467265,7.595357364683734,412.62267890225485,56,33,5.843266224444123,17.005702995725404,13.999050257078093,0.8476562211846562
2023-03-20,20.53263077317939,20.319769040823388,19.879665283574475,19.300329956692586,16.577279716225185,14.181307345442896,12.390507673319021,11.099093384770189,9.465316139446394,8.183610117686886,7.6816788370614235,7.179469304864533,689.8921131700159,61,37,5.1704847864589425,15.224365424303205,17.885524637304005,0.9101446269274939
2023-03-22,19.424613883027305,19.194721208647117,18.700916621824867,18.062381015696843,15.258337403180883,13.028336145000267,11.489834069838205,10.440197754299033,9.167913702718018,8.194375333283741,7.815009261382019,7.435608996501466,694.6732221584472,65,46,5.917996746524461,13.29436557718653,16.43308347061961,0.7657631353007129
2023-03-23,18.606328484652845,17.90903709709237,17.24547923158403,16.614579558539326,14.397121891671164,12.623868796998272,11.23950314022782,10.194875338137955,8.955195328908825,8.701943877835607,9.287385079144478,10.898137282507825,1075.1671299325474,70,39,62.08964813002623,-42.7511875709966,-99.99997257425245,9.542359733462394
2023-03-24,24.2804717517117,17.031446656164157,14.270607456987184,12.871769748304843,10.770740020328551,10.070360609072061,9.720170902743355,9.510057078946119,9.269926994606418,9.089829431351644,9.019791490085899,8.949753548820153,755.0024642286954,60,41,8.66960178375717,44.39403041437402,-0.004344548446769455,0.09466785794873897
2023-03-27,28.682310126876548,23.00571983009954,19.369717411297113,16.949071789179687,12.498238572098082,10.880857963734625,10.067644669391155,9.579553566934578,9.021724421444912,8.603352290562974,8.440652017237001,8.277951743910995,791.0508560139717,64,33,7.627150650606968,30.255056725804963,-0.0001589456824118221,0.32265904418206415
2023-03-28,23.7029569970613,16.263114213411814,13.767200615618048,12.535278053364587,10.692307993031163,10.078080154319105,9.770966238672273,9.586697889284277,9.376105489983711,9.218161190508289,9.156738407378954,9.095315624249624,792.7183002350778,63,51,8.849624491732298,55.78775567873864,-16.363838574756556,0.09348048744216864
2023-03-29,25.740818123105587,18.317107744450652,14.966838005593967,13.262722961621161,10.89181538011163,10.142185871521423,9.768264413065786,9.543925084912667,9.28753759962684,9.095246988243701,9.02046730603934,8.94568762383498,749.465988120166,52,26,8.646568895017534,35.248906509966574,-15.364514439198675,0.22564335466195642
2023-03-30,23.921822880509644,21.499277782135064,19.43981383960776,17.691240697042783,12.999768647745615,10.650768563127654,9.539338400946775,9.071044795859677,8.94359388082389,9.257112141778192,9.468691992183738,9.711319838034479,672.9388926941497,63,43,10.747808550398256,16.020423055959633,-25.32075078395248,1.6772505409455842
2023-03-31,21.66304132272674,20.671157069189977,19.731821000063366,18.84304794809572,15.756237013345313,13.33653645977728,11.48625508097836,10.120678891573913,8.55994298929036,8.314627613799246,9.065244587806454,10.992571673238945,496.3828973137407,56,31,55.31066975088425,-32.601139833088425,-99.99999997377711,7.840764582925926
2023-04-03,22.005750538531977,21.499760434866335,20.778168277339933,19.944956163780528,16.54978234990305,13.902544665772627,12.062361171714564,10.795018483313253,9.245996127731049,8.054944666854698,7.590418611847914,7.125820467227144,528.4400872413205,61,32,5.267400422765829,16.874682166147576,17.62644879698388,0.8079823014282312
2023-04-04,24.47284231770168,22.514059852669323,20.754717578379946,19.176888224178434,14.373600113599993,11.392014714097249,9.642468145064857,8.716792758686935,8.300396216054919,9.187252804199721,10.031630478092607,11.227590732894521,894.7581104300027,73,30,18.039459107424697,8.61122220037672,-45.11266386971627,2.926955079160222
2023-04-05,29.28909311036369,26.551667805156477,24.123385897691353,21.97247941189532,15.611550627119355,11.85130211743187,9.75041664652424,8.694752034712522,8.266315214028873,9.18493895036226,9.98580623789368,11.05148911468538,839.2907460895042,74,42,16.47735523908394,15.893577332874127,-49.31864167341423,2.4952989758572746
2023-04-06,29.227024287036514,26.71944470591631,24.45878509809723,22.423717990058037,16.17165442041632,12.226368702973584,9.86659497090896,8.585128028212438,7.943962645759417,9.087512789792989,10.238912765695776,11.91027081743659,841.1976428147034,74,40,21.837200164806664,10.167571236528483,-61.410194611229564,3.0629697013076367
2023-04-11,28.137766709459793,25.64632675875167,23.42331203892565,21.442639248440436,15.502742360130595,11.903655152242678,9.837041403431087,8.761856016973862,8.265879016628057,9.152501412586247,9.979145315395785,11.11475998517139,901.0459750410604,68,36,17.175866172968856,13.750544475400394,-49.01777512475774,2.661870341321583
2023-04-12,27.57179888362415,25.80775149174535,24.162561459761626,22.629955557731762,17.51040484853619,13.764689777239681,11.117057903995345,9.342858155972348,7.718342109328866,8.259862353175599,9.670168668364955,12.432574032899701,835.6126781005776,74,41,45.27178644944318,-15.810485543533288,-99.99999999993152,5.384303491629791
2023-04-13,23.892138006641467,21.934874522758037,20.189819700618955,18.636309662330838,13.98869685643092,11.188771004867107,9.596656135184356,8.784328541485625,8.455890369088536,9.227431395968893,9.915361924290442,10.85153237075042,792.5866705215528,72,44,15.81538799258783,10.269023361193149,-39.118275319960716,2.6633003943436706
2023-04-14,34.669132256168695,29.309568778750354,24.998454990775457,21.536549869270928,13.368727260936575,10.156938933742952,9.022128071754008,8.73087267962073,8.900601880814353,9.347639181635607,9.562242917243776,9.784401399630728,817.1147570190382,70,37,10.681339022357546,30.641097897724926,-41.653910410677106,1.2219441258849033
2023-04-17,25.077124640024415,23.51065670173241,22.056162889018204,20.70717201499419,16.24871682828526,13.0445106207563,10.821014435168092,9.360167917313905,8.068246468357081,8.536181275511261,9.636215834601991,11.708796387591068,977.0897817958557,78,45,33.14020209841189,-6.37779367985915,-74.01366725648826,4.839238900491339
2023-04-18,26.106659791409587,24.039175240871835,22.174211976947305,20.494130855837277,15.319061018329448,12.028178425680402,10.029504354242373,8.908425134431003,8.230403164056217,8.938259784539069,9.742310013430686,10.931896584602686,639.5236764261062,55,30,18.03746078383833,10.358453353656618,-47.634334078858906,3.0116909800531517
2023-04-20,20.192063854360818,20.848415754492095,20.91194312892598,20.592685359597475,17.811200075909987,14.94060722975741,12.76100954165495,11.202134969590073,9.257153735394683,7.748219935448574,7.158948758662261,6.569533426702962,406.0335945540904,56,33,4.211813558877685,14.432483813207469,28.435270473592656,0.8249978211045879
2023-04-21,22.56504709882632,21.53147391712098,20.551162772905297,19.622118228342647,16.381052716079118,13.817542296214846,11.833260569286914,10.342877304900647,8.557757212144761,8.030815627052938,8.624641336868017,10.354867560527687,518.3435541720343,63,28,53.437478802364275,-29.78353004077432,-99.99998510515924,7.855785692933879
2023-04-25,21.569515670194615,21.885087445785995,21.60594710004157,20.978812119348476,17.472620200242595,14.46715972323758,12.381808483433755,10.965736084254246,9.25920616412965,7.9579585642914195,7.451186266394786,6.944387365471659,585.9692832491572,57,31,4.9171843416582,15.371205744905344,26.562556338579455,0.7251447113665462
2023-04-26,26.01957873678301,24.401251535715637,22.892678123505444,21.48816691688196,16.806228615449665,13.400022729082515,11.01724265944868,9.45139078698518,8.126764514720485,8.952083608761626,10.497718136150713,13.42887115313182,932.2955839786371,75,46,48.30051148363821,-20.546873111769006,-99.99999999978407,5.536052443130996
2023-04-27,24.818088536688737,23.495441879692404,22.250456961224476,21.079706093002443,17.07526846569057,14.018488692122567,11.748574981873219,10.129724961099068,8.405042156886392,8.369357097139762,9.368036060183666,11.655466232467443,733.8418678446692,66,37,50.238560073882184,-24.016589903934296,-99.99999999979376,6.569650548712493
2023-04-28,21.26510562021098,20.212548034994416,19.226850709847575,18.30461124629737,15.187704438445202,12.853087989999814,11.149394853922402,9.952463867143614,8.690659135999912,8.594490850833711,9.191321559446418,10.534131348665031,432.7071599051386,59,28,28.786963035920895,-6.398867136467526,-57.744422946749665,5.535591073494513
2023-05-02,25.665564891146662,21.280999233584705,18.512885596439997,16.690796891908,13.38691832496385,12.197692708272408,11.600447031377888,11.242015536920483,10.832374651810818,10.525143879220888,10.405665245371555,10.286186611522215,808.2308660170424,72,37,9.808272076124858,23.089108589299325,0.009041328480712756,0.3103589705876042
2023-05-03,26.808657965677043,25.435514819008034,24.139011781447685,22.915858652944948,18.695426303664135,15.417431259433062,12.926405426934199,11.090502858976532,8.954494373774114,8.3794814342241,9.075560770611727,10.990351867484005,705.9022020774972,75,45,48.18465286388617,-19.922785033938574,-99.99999998944433,6.698015115804541
2023-05-04,21.661540444215326,22.52268636757377,22.6420789477023,22.294030241171225,19.15914340156249,16.01194883186525,13.690368923668373,12.063840256452853,10.066074193966339,8.529615656284088,7.9305250778446545,7.331360733646071,439.7842350674057,70,45,4.93467835161598,14.725490845237742,31.722811609586,0.7739838872665197
2023-05-05,23.439949527653827,22.53605728633479,21.671358650014376,20.84460646571726,17.8933754411671,15.458586304933783,13.47631113843649,11.88985299262989,9.709112623554887,8.324096954619069,8.295652517898706,9.139847216452267,512.2054302331665,76,47,53.03714246404014,-28.65282236984052,-99.99999999992664,9.241406749709714
2023-05-08,25.777428568968737,24.73538049645185,23.61446187352699,22.477113645977344,18.365845562671467,15.33798374204638,13.244798263869496,11.795596919012715,10.010672298685423,8.630387681367885,8.09136606581102,7.552193382810733,487.2224681080981,79,40,5.395433385610786,21.25151254318274,16.112954724341535,0.865833518487797
2023-05-09,22.380690733116616,23.22424350176466,23.461701469292052,23.302869086526755,21.036080248724705,18.514284554116664,16.56983072019149,15.172589294305535,13.426354991772588,12.071143653957167,11.54191231978993,11.012554453796964,501.05903966924126,68,36,8.89507243870079,11.738226064691604,27.00134669179852,0.8198912099085992
2023-05-10,21.300247384494845,20.854188132911258,20.365294069503847,19.860742463047288,17.969665330262963,16.50684363707391,15.457158514035589,14.711105506023694,13.772471572119926,13.036750533088474,12.748551449825174,12.460171368242102,506.61325684137097,70,40,11.30654828684699,10.357735112198197,8.05627617905972,0.9397388813251646
2023-05-11,23.24463434158966,22.28527699361825,21.374140755837026,20.50948851778246,17.482945490880493,15.075338822911137,13.200140063217752,11.781810135609948,10.060659156317172,9.512375055130423,10.056792166700632,11.702476737196243,560.7795018713044,70,35,56.23478520747266,-31.980776100915534,-99.99999999929496,8.214902528885059
2023-05-12,22.06482632185106,23.34189787026349,23.588235662704648,23.216876603187494,19.666719576342516,16.308400135857312,13.967180288112607,12.386795021838337,10.494061326083475,9.055599460107882,8.495647813444005,7.935680220670326,568.7863652212957,69,36,5.69580611463049,13.433631823391131,35.61077700621051,0.68505488328043
2023-05-15,25.301400811832405,23.885216742960836,22.563882640680113,21.332444165546967,17.21475847229579,14.197161385830425,12.060938631453318,10.627483528112343,9.313580745239431,9.759075148827456,10.913802643158078,13.181804578222724,769.36371300522,66,30,40.561575758497135,-13.743933690348754,-82.13553829665503,5.451888972961899
2023-05-16,26.67988890773376,23.887373665565036,21.556590893968618,19.612085856024514,14.577712352502108,12.170805707865597,11.041822251957452,10.530086923296889,10.23475692170745,10.252278675777168,10.300003332863703,10.358289638506697,629.0136369172277,67,33,10.60755184385802,19.416690783112404,-22.058336854456805,1.4186204457609992
2023-05-17,18.657522783935267,20.21641726112963,20.9030940313495,21.012738330188892,18.95694230146333,16.240624481573406,14.094822637863818,12.546503853144905,10.612770570378899,9.114354674628078,8.529449822652158,7.944429729895285,777.6476811033427,71,40,5.604306435620611,10.202111035024418,33.7171745089686,0.7992355249224823
2023-05-18,22.307669153614537,21.378762162399674,20.497455564784364,19.66202669026373,16.746590646512136,14.441455281396264,12.660857300645478,11.329949591461546,9.764552709238721,9.40990929526652,10.061717075078452,11.842618045931456,531.8438998385606,71,42,57.32006712015222,-34.034109087721795,-99.99999463516605,8.216249675497714
2023-05-19,21.64406909522177,21.681093803921147,21.45394453965084,21.05003587681072,18.711227389236356,16.37705024848293,14.515160296998003,13.116682964373318,11.28923044683451,9.82456327799897,9.247854832448148,8.6704152702099,756.9603851994757,75,36,6.360179068769115,14.864421142942975,20.09583364169354,0.991229419451785
2023-05-22,20.164117355728465,21.711919867916777,22.471499926590973,22.67849852357314,20.80954796307136,17.859626179945387,15.302165681947246,13.33917009700454,10.764193918353477,8.707374280472916,7.899144551008697,7.090192491008067,609.7778891186024,63,41,3.8539792083376105,13.654847139456677,38.52502246580095,0.9303063019839887
2023-05-23,26.753860795132127,25.448712462773845,24.22374752237525,23.07532023517129,19.179290325268546,16.25342477789375,14.128167274090885,12.661002570485405,11.241812419723942,11.627604726127494,12.867039392356446,15.449402086961655,421.89557972806034,67,39,54.68517498131574,-26.54217755640173,-99.99999999730714,6.410199730232545
2023-05-24,21.536101765228963,22.520173808633437,22.777373655824714,22.573026844984998,19.97783502929955,17.240648774805905,15.20573881287915,13.778242793557666,12.02539548021618,10.677930887035998,10.152591051057026,9.627191361538806,365.12149056626345,69,43,7.525572865354709,11.913971938554141,29.21235773290882,0.7665230324354585
2023-05-25,21.069318085270154,20.278558970611915,19.557623802181904,18.90111958705498,16.824913427916186,15.440563993215592,14.552538857730456,14.017769629620783,13.619082547408532,13.843090666731687,14.189683609613574,14.751101686949376,367.67266594353185,55,29,18.645990956992538,3.2897329703041605,-21.695562752181278,3.4461176373985025
2023-05-26,20.91905773038369,22.319531875563722,22.791646619415445,22.686902475257703,20.117294239690903,17.372741752506098,15.384416196423398,14.018058758729568,12.365533351309473,11.104756383342771,10.61375881341422,10.12273779799992,387.8569447848484,67,41,8.158647579429145,9.907701943058782,31.566549459383424,0.7103528724894362
2023-05-29,24.02451558308504,23.43971542001666,22.64120747397383,21.748609043149862,18.33514713045221,15.878511834839736,14.264387459236998,13.191456710929208,11.911295397244686,10.938531958269454,10.559820066380084,10.181093829179929,375.634256637074,67,34,8.66618502224767,15.542217547536152,16.127498285192683,0.7175192996547289
2023-05-30,27.704951312043637,25.78091227179677,24.05156721302903,22.499106519868445,17.754206766748798,14.771366858572724,12.97418303847318,11.967062319931669,11.327769159254387,11.834585654732487,12.439889588032795,13.32653781181956,478.17261318267566,64,32,18.419465504586718,11.423752075793018,-39.59499626919957,2.8314124303170405
2023-05-31,27.15105462502939,22.919337810284777,20.459752783308407,18.93741208311527,16.35782879488653,15.465091659837805,15.018251723224102,14.750140552329384,14.44372758683544,14.213917860662546,14.124547411595032,14.035176962527517,295.38575425214304,57,31,13.677695166257461,21.219259962277704,0.007473116975073704,0.2526166850089588
2023-06-01,23.45257990027391,22.09720621151445,20.91620273952085,19.888285349785612,16.964884641745467,15.338424027377116,14.471721429531263,14.044687166159466,13.828820780490503,14.018633972566027,14.19253990874493,14.412564167384847,323.49123630953886,58,25,15.431838600297063,9.574660510865243,-17.23677311139616,2.016443977240858
2023-06-02,20.971613123074633,21.825151466872498,21.620820651091872,20.88372713863029,16.951739926462675,14.095760476848987,12.346602799799195,11.238545467164693,9.95308730290097,8.986417619975072,8.610455928100741,8.234493893331539,470.5196634370897,71,37,6.730645717717705,11.43630279060903,29.850733028876114,0.5463633362636027
2023-06-05,23.281635654333904,23.911321602056983,23.696766414779784,23.002536127843346,18.92751045194212,15.525304154034643,13.239865741747266,11.720738957126724,9.91508982812204,8.54646356468228,8.013834282937065,7.481194961597412,439.9137688167988,73,36,5.350635507604302,15.892189599992605,31.932251146940374,0.668243923021877
2023-06-06,28.10074194938666,26.775933038800268,25.577744117508622,24.49256062338762,21.06048119528035,18.68433993859655,16.998649729933753,15.7728614570192,14.162642729455923,12.835261978734602,12.303129074965838,11.7673821859786,752.2594007454227,77,45,9.619004500118535,19.94855515021802,0.01261975237962786,1.6145671672314015
2023-06-07,22.659546692791857,23.499218175028666,23.543479789937937,23.12821269799263,20.097500056211988,17.446225422482513,15.656318622216801,14.467288683338879,13.055732266896989,11.986526480226697,11.57045694347222,11.154380968887711,434.43216333199877,66,37,9.490075759334688,11.012996241988395,27.035787725949376,0.6561202643181419
2023-06-08,22.967117759381182,24.071265874114133,24.33939187401583,24.077227414569233,20.996129638948066,17.776206898630317,15.385297471623499,13.7081775408596,11.648462566180406,10.064865460899878,9.447445308160287,8.829953384833079,714.3397145280763,72,38,6.359961868037506,14.222778470532027,34.00193191760767,0.7682757297728039
2023-06-09,27.785590621719468,26.697930584867834,24.94621490899346,23.11322839606391,17.730241821812704,15.053471104137067,13.625433995239266,12.760460583719507,11.770644426773247,11.028206144326315,10.73947989125507,10.45075363784782,657.8636698823956,72,37,9.295848624209953,17.610537346996935,25.906280804959355,0.39808919724038333
2023-06-12,23.169868727628625,24.160687546117373,24.23805860429598,23.776202556180024,20.224472120339414,17.012964105720016,14.800959782195218,13.314889077084878,11.539141941963706,10.190649656216673,9.665760378885107,9.140857657883398,561.8675189450977,71,34,7.041243684957321,13.652702855384089,32.59221213834907,0.6810307628345926
2023-06-13,27.962630049466185,25.626843917025276,23.577999607105014,21.78400262580731,16.628721114660856,13.7476170201463,12.25465373285284,11.595068666715434,11.528189213275752,12.439050303256483,13.100892717703243,13.926794379646712,607.4569498456151,74,41,17.84301029945892,12.778332099864349,-38.92400957317347,2.2810658978417235
2023-06-14,24.361326763096688,24.11765142007048,23.44201823203859,22.550833686287213,18.791926296294946,16.03847858352,14.257865296283489,13.090955382892918,11.712461260778236,10.669594062231589,10.263804281658683,9.858008848753546,478.07126925400183,77,45,8.234825947105255,15.59395927123132,21.295187608158383,0.6600245771665109
2023-06-15,24.71231100801905,25.36343514162718,24.547527020129344,23.254456167469062,18.741106300525075,16.391202663637323,15.13798327199246,14.379739969343241,13.512313061397045,12.861698476726632,12.60868158086833,12.355664684910785,684.5259548575348,79,41,11.343597101078624,9.093924126028336,31.15082257433692,0.3772172768413683
2023-06-16,27.260349183174636,26.94196770393853,25.934912211776705,24.66137072204674,19.95038544946232,17.050344070122687,15.364133867638362,14.314780805813761,13.104831481048922,12.19613375660008,11.842738395852802,11.489342945233389,513.5599532966343,78,40,10.075761135293167,16.046891526248928,25.28983618337912,0.512951274182367
2023-06-19,25.358836741258038,22.37167528326306,20.30244031177214,18.833802928448023,15.887422126671645,14.739428394382854,14.154926855671029,13.803516298711422,13.40181501451172,13.100534577765789,12.983369951537044,12.866205325295494,573.0895543002248,81,41,12.397546820328987,17.375626489309024,-0.0023860487335558844,0.4046382480311056
2023-06-20,25.25090731654852,25.46307002907958,25.103062178939968,24.40926726892674,20.70596740290503,17.560421576826123,15.37324537105565,13.884039622412502,12.08545808672169,10.71248717884254,10.177695261334197,9.642870282777775,404.2166723800098,66,30,7.503560728048878,16.606008624411725,26.995541978179837,0.735974833297144
2023-06-21,23.30620188108145,24.353260346235437,24.39639278537355,23.864903768523153,20.070345867591357,16.796826521178694,14.605015920517271,13.155555831626785,11.439143509341235,10.140221485599398,9.634804871198877,9.12938195150975,394.7819798363979,75,51,7.10768905237806,13.476531680793622,33.461945129554,0.6460668430603339
2023-06-22,22.361376008173057,24.162717950053242,24.492131909511073,24.01522075738162,19.933984619741324,16.530845088838404,14.352491559451776,12.94908167292413,11.310128967894306,10.075570344291366,9.595376680043856,9.115181869604754,421.5053743897515,72,38,7.19440247878271,10.803300644835286,39.200632870693504,0.5761884883802554
2023-06-23,20.967402218422603,22.884386044945934,23.719606774786566,23.849792004168705,21.413294405739165,18.27818327904628,15.852602279698406,14.126871529088199,11.993851585518353,10.350198339766266,9.709207095770445,9.068133916168108,355.46732925609666,71,41,6.50381394310424,10.921573048798942,39.138022331180444,0.768380195331805
2023-06-26,23.48893802495603,23.135451298905874,22.61602800022364,21.995911309203397,19.257662314644413,16.870944250139495,15.060185913497392,13.73304176742022,12.026512971386449,10.671298233772838,10.138811294206029,9.605790352680257,352.42903397934043,71,41,7.473371400886729,16.11310080388179,16.6459496747999,0.9764124351346555
2023-06-27,24.625790934898532,23.622019102145895,22.677995146038512,21.791256588281197,18.771071436160177,16.493128387436023,14.83898461969763,13.707227600542904,12.676610025430655,13.256330558215954,14.518380008899907,17.109436409155713,361.2398861393756,72,42,62.04792941986577,-36.35606044425003,-99.99999999996672,7.244722847134421
2023-06-29,24.831871151507833,23.24044311627054,21.812908131398533,20.534170397426397,16.649761708393232,14.241816597388638,12.823222903272473,12.060360850330136,11.665034548477765,12.249027469589953,12.834867307162774,13.666080351824661,357.65272149115634,69,39,18.33202866872815,8.271726222342508,-34.02783570075647,2.8304976342330193
2023-06-30,27.409670808851402,25.425753046278064,23.65269263264243,22.07160077474597,17.34256250484774,14.539678685785159,13.035734119907461,12.39471805326092,12.590139547649176,14.349059961586935,15.694542258387651,17.50914503175631,701.7042702470436,73,46,27.56930418194596,2.0557792792267215,-54.340885786021715,3.0145650455890616
2023-07-03,26.337011947917855,21.680987900165405,18.990947559046067,17.332997949772643,14.535269094250332,13.56899232803238,13.085397258847745,12.795233616077109,12.463617852408953,12.214906027982423,12.118184762927456,12.02146349787249,783.9914996217107,81,47,11.634578437652626,23.291938846769487,-0.010139555086571307,0.24926234568868066
2023-07-04,26.465934576581702,23.902680689369923,21.783192106918147,20.02964212169099,15.550538547543667,13.418658523877319,12.382621909631371,11.86295662586799,11.437451277134281,11.24245238867434,11.184656185339527,11.130651964109244,748.4623472364838,81,47,10.919293419741393,18.648156380674134,-16.167672563964754,1.2773623029140997
2023-07-05,25.20329824628111,24.340781644137714,23.55666609785298,22.842934296049087,20.560099376194444,18.952433538080466,17.795288539020362,16.94374620652801,15.810799250135561,14.864700546130887,14.48296311314991,14.097800235767055,371.54063312106433,66,37,12.551518554926938,13.601701722716555,0.008039205964460908,1.7044952778249796
2023-07-06,21.907915330379037,23.10979193282126,23.389322428219817,23.123633341965316,20.279906887345064,17.607819039647378,15.773647936627768,14.548230071397231,13.090041643891254,11.984741927300679,11.554603489517264,11.124457711636312,377.36075576914874,69,34,9.403873086930087,9.798269317805222,29.401384883673288,0.6583927831983206
2023-07-07,24.301436458991105,24.02436681805622,23.525118322668284,22.89559234774602,20.07182826602092,17.68688355101843,15.950174692699672,14.719248648981406,13.183085949711604,11.988123029030783,11.521042041322724,11.05379713855125,735.1489003584011,78,37,9.1847410288019,15.040331133096831,17.19378423763316,0.8697571060434687
2023-07-10,23.11174440533524,24.080644899540097,24.379005191705318,24.234423416237703,21.785979076153083,18.980190648740205,16.786805862682286,15.197485132192444,13.199048859250366,11.642790009320157,11.034652013511876,10.426334493326065,499.99255586486777,71,29,7.992988701673478,13.158630573551905,30.499017661300055,0.836054994438648
2023-07-11,25.797679168312953,25.189068140931294,24.482217758731146,23.724155004938304,20.709210965914732,18.227801752275095,16.372994306411115,15.017520264853623,13.272160908689099,11.882132589676164,11.335314856412312,10.787831952707263,435.781446163295,65,37,8.597449873112886,17.645298477066397,14.936172098650918,1.0084204207225436
2023-07-12,25.506823231467997,24.78265102733146,23.885217684821892,22.924481206047837,19.415065114256343,16.974325653644364,15.395556054518083,14.354216520771018,13.117069740483768,12.178592827338624,11.813300339653974,11.447997299154391,280.71580155258596,64,34,9.986782457599357,15.895493945211413,15.218443987575501,0.7044502953041464
2023-07-13,25.3377361501304,24.764214026257612,23.965909224193975,23.067319120322203,19.61340622691729,17.123844581510713,15.488801914771074,14.402572274000443,13.107120511597701,12.122954681362021,11.739815173852714,11.356661761701211,304.6394315100058,65,33,9.824044416920472,15.66753562302025,16.49622558672881,0.714756592977587
2023-07-14,24.98212140332366,26.888549648840055,27.390258279330247,27.117629906152985,23.842430654705943,21.010305929620333,19.195292794076057,18.027608160249113,16.665336530719223,15.639546614199219,15.240565220085628,14.841583066472689,548.490221296744,69,38,13.245654359095536,7.388510403068303,34.86080887363847,0.5666110371060139
2023-07-17,24.05105571747589,25.55219432217131,25.85709300022841,25.52856586848585,22.627705840138017,20.300748132077928,18.854012304392924,17.935088893137657,16.868654776819028,16.066701819700032,15.754804050659853,15.442906031415266,405.329552842271,64,35,14.195313929165472,6.206822106489762,28.537996340403797,0.5386092767389079
2023-07-18,24.816298576272143,24.668032043188916,24.256336588490818,23.68031167299515,20.85139770222629,18.30733357982278,16.3914665287118,15.005186862298988,13.247933813974859,11.868038900626807,11.327562811457758,10.78677850745413,349.23163192546,63,34,8.623478645756636,15.939152362997463,19.68023119347808,0.9110073740668649
2023-07-19,24.17298459606458,24.75096885028674,24.74214753633617,24.362305120684862,21.46789963789047,18.61928243359342,16.50576435752598,15.014855054669068,13.172779746436369,11.751199246262347,11.196563362337837,10.641833670816531,388.7273695035947,63,36,8.422880184555519,14.274522291617235,27.422879663958582,0.7982345134631537
2023-07-20,23.6932334539095,24.707735958473855,25.03316563924396,24.898733791797156,22.373714022023726,19.412080129464,17.06442537305441,15.34752398927515,13.173117467964984,11.472585495256713,10.8074928578629,10.142149580153172,333.4795235853094,68,36,7.480663685542641,14.18862554435034,32.439795930008906,0.8561795600187458
2023-07-21,24.204147085438997,24.750228188868913,24.707399020057604,24.297542349995393,21.351549467922943,18.52973438737694,16.46720684015923,15.025548969077951,13.255756108814396,11.894527882619364,11.363735162599147,10.83287425982939,327.09115691985795,70,35,8.709407099084375,14.037133822832,26.840816701094322,0.7791978046263492
2023-07-24,25.192189097800707,24.71225350451584,24.1433584443188,23.52543197086933,21.021428394535025,18.921626160246152,17.332771036962317,16.161803338061354,14.64299041713787,13.42694572196004,12.94782831074436,12.468011453775173,368.88949020046044,67,37,10.548246011330892,14.980011239337102,12.993913624569624,1.0294081655967235
2023-07-25,25.624905795082476,25.260769121599953,24.592774218671845,23.779636584537663,20.510757060023764,18.151047972143868,16.623131243621547,15.619265306369666,14.43103437053934,13.531320272489918,13.18119838105877,12.831070237393368,634.5677086471125,73,41,11.430556278185978,14.002625125265505,17.162032073834652,0.6740876151548831
2023-07-26,25.182021344406287,25.088817172342523,24.515442662681384,23.683979413569567,19.894884976028493,16.95496754611719,14.995618607042022,13.691007966500681,12.136034639287878,10.955611605506068,10.496132723444752,10.036640898139504,431.7686703329558,72,39,8.198670446357735,16.25286911435802,23.462477673073913,0.6941789298961747
2023-07-27,24.456049826144312,24.96342093659049,24.957892605568567,24.60930049383071,21.760237810977948,18.711380853769118,16.293847263026247,14.506466790138566,12.213589771955085,10.403146998541537,9.693372966609973,8.983136610934578,336.2478526572535,66,33,6.1419455176589475,17.059870125436422,29.65600402661893,0.9122788007165186
2023-07-28,27.672119719925348,26.544819125505775,25.473579842861746,24.456306011393703,20.887432206529056,18.032182888412265,15.787392370927478,14.063576657658647,11.87906215220658,10.88190696077326,11.22521038032659,12.64698056492879,469.9677343053419,67,40,53.22596078085715,-24.368308378913614,-99.99999903089406,7.778531326995077
2023-07-31,26.426765665807036,25.27130642294032,24.180285114654918,23.151063287804014,19.602805352354018,16.856642340734126,14.785793599996847,13.28175272632167,11.616574615092091,11.453071231043651,12.320920796638315,14.428646579819393,482.606615191341,74,41,55.714968175071064,-28.06556374094329,-99.99999999995428,7.1524233235868175
2023-08-01,27.22325625962889,25.78081109226391,24.444458992964684,23.207685256746878,19.13887883994346,16.232024095604647,14.219783132294157,12.892499927916989,11.672483467542072,11.898010555010671,12.694156197805391,14.211360625962476,483.39428893124756,56,31,28.913739951163173,-0.13502974523231634,-57.967513861120295,4.4779491975247785
2023-08-02,25.71720149473628,26.864001477584026,26.846290703419935,26.174504438645982,21.6997302377874,17.95611162226264,15.486689208354608,13.865944055027967,11.954310354706724,10.509649848589206,9.947594040123338,9.38553333413295,443.4072044405366,75,48,7.137289637591985,15.46117398276815,38.039692495424276,0.6303384916170761
2023-08-03,25.854480771732725,26.985829983054238,26.765957732803244,25.86702599303916,21.01132431000883,17.4898638083476,15.339316520564498,13.979015276222304,12.401952836074486,11.216192553187653,10.755025080788831,10.293857244959613,328.7513071285859,66,32,8.449185864227688,13.774943416927753,37.3277678823663,0.5414599344733387
2023-08-07,28.29831697037659,25.85568959168902,23.869713895418702,22.244346946137373,18.084668380843105,15.954629219191313,14.740113178505121,13.979339276538129,13.095956418987674,12.430575988181783,12.171734986553359,11.912891359302245,381.1342473780864,73,46,10.877516150095504,20.444310725825098,-0.0009076730339249214,0.7596889881431299
2023-08-08,28.36563817636986,26.311011930831746,24.51399596845573,22.942649587163015,18.40336128365728,15.765215290586397,14.243016301778407,13.374101890132799,12.619406040449775,12.386803553535556,12.390486552605921,12.435565273231747,606.1151290515315,76,44,12.730943058521579,17.98336914554459,-20.365643707636462,1.910502975400578
2023-08-09,26.947869846861263,27.61326577153125,26.19638314216327,24.295896420408173,18.637788157472038,16.04384946573491,14.706031541573118,13.901301052918718,12.981439440129177,12.291538081721969,12.023243104038155,11.75494812635331,462.876955484818,74,41,10.681768215613925,9.483267362970416,40.97784139811047,0.31901198876364084
2023-08-10,27.981788073861956,25.843402285133138,24.0548891402008,22.55184855843924,18.498342955863123,16.271074123294312,14.944415303260028,14.093169847528275,13.090581157242337,12.330750965977685,12.03491984028158,11.739069878847078,573.7756682308149,71,40,10.555662327340467,19.994707994756876,-0.005580161720314404,0.8880384495206617
2023-08-11,27.770276025324364,25.90852124089986,24.30571233808772,22.92133132233893,18.971161036898458,16.621577098971798,15.1429626402711,14.160464587966962,12.973722391124499,12.061342269632057,11.705063793499859,11.348647199132616,603.1763136581574,74,33,9.922892068380584,20.016798389200144,-0.011795386015206601,1.0690497798563927
2023-08-14,27.6118516137154,27.61734997835451,27.21730793895677,26.556979280668262,22.973249248772564,19.598849515035134,17.01673988770308,15.134408912503474,12.737391859394497,10.850639899062223,10.111296908544782,9.371497934305012,601.5535549821249,79,41,6.412058311770939,20.587012583565123,27.919747453628645,0.9151637746482293
2023-08-15,29.07750775813255,27.3131385914074,25.73213876281676,24.317392128900167,20.02975193773821,17.381168786469814,15.824942143795173,14.988779524567168,14.549210713360576,15.160505071332347,15.776255754513151,16.646496849271003,655.0685645471049,73,34,21.48030972256468,9.563742637715539,-36.63478560634795,2.783908214997407
2023-08-16,26.083253693761,25.866261811119728,25.30284513976036,24.556506367625737,21.309250404766182,18.815849351488023,17.147812927544205,16.03259327747825,14.699224419678615,13.68554692901553,13.290899467476166,12.896237256499182,352.16322147478195,68,37,11.317584540729761,14.384643531271808,18.90202781713365,0.7113895739993257
2023-08-17,26.423630935138426,26.022917891822573,25.382327061101346,24.613545406070525,21.38919419534404,18.849078426390257,17.084546810817887,15.87198936519285,14.39328022514838,13.25791590849121,12.815230085580241,12.37248547637585,550.9819422238658,68,37,10.601485637428032,15.81727648010298,17.602261568979067,0.7948942740800273
2023-08-18,20.1681032853716,20.280691484355927,20.11650389556386,19.79784112679968,18.151899278250365,16.822019477972,15.931001246962534,15.337973548449082,14.632022006339108,14.096517317227066,13.888094416241595,13.679666708868412,516.8344360279497,66,35,12.84595477886273,6.743679002693627,11.629567254294377,0.6806461321737921
2023-08-21,28.960240112608997,26.810250945912536,24.928048253817288,23.283660860646318,18.591100925958898,16.017757325400574,14.734407341737404,14.221578408730505,14.339489707738522,15.397683949572745,16.11888711793399,17.00590930203311,540.2372268353329,71,37,21.179661187844456,10.231944357875943,-37.860769477791685,2.2995561452974203
2023-08-22,29.164253472255545,26.115953355327274,23.84736449223112,22.134118124718732,18.343426144728795,16.715228527810364,15.86167060569282,15.344981081545615,14.753472182835274,14.309746750001553,14.13718611610886,13.964625478307182,467.1171525580656,68,33,13.27438292682032,20.04408074370174,0.00559833693987646,0.5163992017359588
2023-08-23,28.785619328031558,26.29375517250919,24.16564285440403,22.3533884186936,17.502810702104412,15.176232552929937,14.239400749869857,14.044248803481679,14.57823713787208,15.816019562251402,16.51143318144356,17.297074367047802,505.7867194981231,68,38,20.686713661511277,11.009372699240648,-37.482248560304605,1.9304079716156402
2023-08-25,28.502258676005088,27.29161098032873,26.158908680008324,25.100561537810464,21.544091760450517,18.926975140929862,17.08261855153818,15.871190534965411,14.897459816039877,15.81625000684533,17.339825339277976,20.266681927326278,413.38630636888905,70,37,61.45784382928753,-31.663244000992822,-99.9999998766422,6.401075461172882
2023-08-28,27.72603736986891,22.723352146374506,19.743194200614802,17.980098664180808,15.834504618209095,15.698859357204109,15.769295056242147,15.835230237701488,15.917406740476018,15.979816868510701,16.004095189713222,16.028373559449086,629.5099041323484,81,43,16.125487042114294,19.957839675126998,-22.862382100366073,0.5015255509285692
2023-08-29,32.314115178333665,27.009442409233877,23.019306240092735,20.05606026405522,14.588907719026636,14.001282908255043,14.930439802527372,16.16700646426519,18.290317884803276,20.25933865480475,21.06424073798376,21.87495799713614,677.8350308064946,83,49,25.1230570654545,14.173942610344014,-57.49707525811662,1.124640636900161
2023-08-31,27.70631613479629,26.41622278414326,25.227437562493893,24.134476433754585,20.6203798341569,18.265847739596374,16.830065793341788,16.117074818136334,16.253327016993534,18.776668135448976,21.200607587053213,25.166828004557875,701.8501946463243,81,51,65.26278596835834,-36.15930084618566,-99.99999999997388,5.493268465506583
2023-09-01,27.545727883038275,25.369353021743557,23.488194380980755,21.87038567584373,17.501500522027094,15.513546708760732,14.977771038391385,15.297164319169475,17.125461995763093,20.471726584963065,22.433410312602632,24.78019994458367,620.4357945691287,81,34,35.86599981016372,-5.813248604281815,-60.58323171348905,2.5496936029870705
2023-09-04,29.242368451107776,26.43131015902296,24.445047372917923,23.011325491133338,20.061243227526308,18.88462633375721,18.282075431831522,17.9194252852312,17.504803087645975,17.193826628684242,17.0728913035137,16.951955978283245,535.0375375161188,82,45,16.468214677359448,16.83497137213512,0.0040785956168316335,0.4309102667759129
2023-09-05,27.60079680717677,28.64992244023691,27.88119502231527,26.353017942283238,19.9344252823164,16.02132643692238,13.808563553332878,12.448472957944807,10.886942258165789,9.71517630828259,9.259485618435063,8.803794915280843,409.2041381630594,73,38,6.981032101996535,15.740744645351853,44.304257341444924,0.4553491763607591
2023-09-06,27.61411569753011,27.65813334976818,25.91975871498243,23.815664532049304,17.70624881252815,14.895908276416815,13.44215640474203,12.567247794456357,11.567109003759212,10.816996738341098,10.525286403360912,10.233576068378092,467.44629812680296,73,38,9.066734728446784,13.186819366775387,40.00243363542486,0.32906309284406754
2023-09-07,28.328520709807663,26.800782011287488,25.37542255946443,24.047260780686848,19.61122216359832,16.37449092975293,14.105098900406016,12.61215852376915,11.35658918026552,12.197243691476654,13.738475552740987,16.672567499550503,430.5212601905307,78,43,52.80289700649732,-22.838822692171906,-99.99999999999999,5.702669895388626
2023-09-08,26.453519066763796,25.746015543914517,24.731452441610983,23.594222463804755,19.37557788139474,16.509120222463483,14.705830065180653,13.537622690465454,12.164994142025904,11.128369276554109,10.725067747925225,10.321762460592723,312.710925182425,71,40,8.70854058965508,17.84266180102556,19.648526748655726,0.645440409491002
2023-09-11,26.324739328421494,27.23308438871986,27.057644298904528,26.282237850130176,21.65263057183853,17.890901889558798,15.426491675554441,13.812606589862684,11.910634098127417,10.473583786095208,9.91449642721433,9.355404369739448,428.6749520858415,74,41,7.119035305013674,16.44561669597958,36.80993000326371,0.6298975050801604
2023-09-12,28.52507816304069,27.007256719071524,25.61194573268257,24.333128390782793,20.234861290200833,17.404365552048226,15.436535609147617,14.042185317555031,12.272136624674376,10.866975164846107,10.313740104473842,9.759635994898954,470.43282953070485,72,38,7.542513372050347,22.627104289442407,7.575381197284617,1.1011351218538048
2023-09-13,27.74929497523174,26.209939645913725,24.78642426429615,23.471486782734544,19.166823057117576,16.12048535458529,14.03721950817932,12.6866862168077,11.506715154047473,11.88365885704582,12.791415322513668,14.458815335392373,460.1732930956689,74,40,29.880932037855587,-0.4687230655035945,-61.11073796510304,4.388279232693179
2023-09-14,26.84992191715292,26.818999271790055,26.253199331723984,25.387376063737,21.247507057766626,17.899981525762897,15.612851406672316,14.068015215526684,12.210390004331034,10.794860403776319,10.243610016921101,9.69233158663753,579.665949688471,70,36,7.487210001868553,18.503173901039258,27.01354642054254,0.7266961242710108
2023-09-15,26.529230924707488,23.240960766419516,20.888185370031877,19.185090564175653,15.765947749493696,14.518618782064882,13.928291856938642,13.586922447759731,13.203235501938334,12.916733016755545,12.805343528167981,12.69395456630547,508.23296528405166,73,40,12.24839880577561,18.923776225858898,-7.985129126377308,0.610983821372459
2023-09-18,29.171061519361473,27.53779925428841,26.074594066536132,24.767906839586352,20.86907515900998,18.62342309944836,17.54071841073376,17.263302365751894,18.15834527749692,21.0345869287568,23.14492620658014,26.04995042097994,500.0026541442061,75,37,43.81910201319071,-12.830105586806516,-67.40478064828487,3.5615186373226986
2023-09-19,27.084913032182666,27.232392269838694,26.32628949049019,25.06899378514524,20.683297454142583,18.300603555284564,17.00386780828424,16.215207079537,15.312040614899178,14.634543322085154,14.371071659096694,14.107599995250787,280.7204115188474,71,41,13.05371333983995,11.381141352714206,26.89111283494198,0.4130485691710639
2023-09-20,26.980647737060334,27.682868111879294,26.924139134981033,25.666762946972277,21.137804881774994,18.72305414213998,17.425796296073287,16.63966184981828,15.74007689401196,15.06532435873411,14.802920407761112,14.540516456584777,354.41805183948395,73,44,13.490900651874762,9.276143771312272,31.341923477054937,0.3876165986524912
2023-09-22,26.664615451319808,25.737027033764395,24.877621939950846,24.083219871261043,21.496587320408576,19.72806036366046,18.62978496448053,18.077565091872696,18.21169153018637,20.404350898446786,22.59459169536631,26.332203422974416,276.3240346298915,67,35,73.39255455877574,-45.728848304216044,-99.99999999968142,6.548260123738032
2023-09-25,29.532342585522052,29.536284565650014,27.879439086894504,25.81126803810593,19.434095347530633,16.328448703040483,14.697149669737211,13.712865220905329,12.587316201975579,11.743125600563328,11.414829199808443,11.086532799020887,494.6524808953779,78,40,9.77334719587016,15.202031065789146,39.68857934699737,0.35885525591955103
2023-09-26,28.075618382692678,26.950296222080205,25.909958614700436,24.950312855758128,21.83948570778093,19.723887276396194,18.409791725446276,17.737134400572597,17.811558832044923,20.1164550713531,22.405012687261788,26.242376770129074,579.511327107906,78,43,69.26392315733825,-39.97350007244991,-99.99999990816423,5.949822741844032
2023-09-27,27.02282408632201,27.918729651698857,28.166234890948413,27.996816313203706,25.665022542858104,23.141904514744212,21.237051514011437,19.88774470756463,18.219482554164866,16.93248142456394,16.430425311952575,15.928291811242774,482.58202019977193,76,42,13.919730246449873,11.225648942692187,27.047952324185747,0.7871855478811353
2023-09-28,27.367808125118984,28.28377021461347,27.868192368318386,26.945130903847843,23.240946212057274,21.15215545594739,20.013067877704408,19.320494439135,18.527481398553135,17.932627430437478,17.701294990140013,17.46996254933581,340.7963052030212,68,34,16.54463278610457,6.887878041256729,27.466581317868613,0.40402168182518106
2023-09-29,27.62202850224453,27.00703357299114,25.471012377952828,24.254980023134,22.034804465140944,21.264095880550272,20.87861624173784,20.647328028304447,20.38299863914631,20.184751597273145,20.107655525433575,20.030559453594012,349.44562075081086,65,36,19.722175166235754,-0.08041523726532107,27.054580632676263,0.17148869084790525
2023-10-02,26.92431391637769,28.463508931680426,27.796300136525407,26.283607135390557,20.173809464806656,16.716787447749525,14.829720313026733,13.682106140308019,12.368000295680194,11.38225985330855,10.99891575607267,10.61557165794154,430.84967973452086,67,36,9.08219526539118,11.315524265786296,45.463515295795595,0.4050904359399955
2023-10-03,30.05467969531203,29.328812125423966,28.399255910368545,27.35676942013835,23.061626896798998,19.511102609189265,16.89227173884885,15.005887974435264,12.61284582551778,10.729122695174631,9.990615538548852,9.251582424579112,372.7799561091797,71,33,6.295147190252053,24.15406495093893,22.835578440995903,0.943752148764825
2023-10-04,31.46008195202642,30.153134705097543,28.90735608362618,27.725232625123517,23.63370095783593,20.471395808541608,18.06008015341955,16.2217316582067,13.710784407844146,11.58159009495834,10.720365805605773,9.851888795886145,474.76908141915175,79,47,6.368083181666023,26.45549278182697,10.905045117723008,1.398851359104303
2023-10-05,30.438170724159477,29.780033699326303,28.78861702492343,27.623327716956375,22.826840905192903,19.092224107431722,16.51039387734068,14.74040280699553,12.584953517701878,10.931057366316073,10.286255271324599,9.641371791102515,543.3431712118312,77,39,7.061808540422773,23.463794984574406,25.38276824743124,0.7921427569384816
2023-10-06,28.086873151407552,28.921404828801343,28.80043499803506,28.113577144736503,23.611180752932192,19.610990952249153,16.83181413008773,14.949761005468407,12.687999660704122,10.965985932773716,10.295492723751492,9.62497237144155,230.44203426526133,70,38,6.942883932370628,18.76572491655014,38.08789617219835,0.7076299837412386
2023-10-09,30.39978487127689,30.069429633243466,29.296425414729207,28.269517949309098,23.59230070867686,19.7254808218224,16.986288336806147,15.085664815170055,12.754256789981497,10.959258895848738,10.259080853805152,9.55878891782613,590.1234815978074,82,35,6.757577950957023,23.25373633498149,28.856601713538794,0.8063307595891784
2023-10-10,29.500120659167752,29.528353065634963,28.86708122694796,27.82727582482002,22.874867632080452,18.956112863413786,16.328487645636006,14.574741310924217,12.482134070084289,10.892986582764697,10.274390158678589,9.65577547988794,429.77947698879586,71,37,7.181312291380756,21.122062904840682,32.23937988047615,0.6955761710074825
2023-10-11,27.490902700005797,28.972914928336067,28.551819575404448,27.305670279120548,21.594093210878167,18.02721255172184,16.00435956933805,14.76062248782992,13.332675459783202,12.261157837416995,11.844453082633192,11.427748316584683,489.83629348380344,75,37,9.760929251840446,12.303310591934341,42.936121390173746,0.45261663768129295
2023-10-12,28.91325067065174,28.89672708836637,28.483582059964114,27.81303608523436,24.171232090318966,20.701963915636615,18.015602035541413,16.039128961574217,13.50170063903223,11.49318165241155,10.704999367361372,9.916189602119964,560.9463847849587,73,36,6.760590158565497,21.580870063377493,28.7070494748576,0.941260832097923
2023-10-13,27.1875616702882,28.55492959460027,28.73494252430782,28.20828163745208,23.802931768029048,19.736035304300557,16.916122318442806,15.016012384560955,12.742005757645007,11.014146283495446,10.34155175108278,9.66893840936722,670.1982219654143,79,36,6.978480639472133,16.92273187097038,41.993286554621506,0.6849897164454382
2023-10-16,28.53175190602161,29.13168626364829,29.043593964394972,28.51039107588427,24.64606926232134,20.764605871967383,17.805088893414506,15.67395146244003,12.997175557735133,10.911391969522015,10.096087118873838,9.280510420862718,564.2103401619219,77,33,6.018082912007127,20.883217296337964,36.51504461959179,0.8525767965989761
2023-10-17,28.83760513860811,28.912608623886232,28.40864285382817,27.562946831213452,23.220908791873512,19.504475496975914,16.87656572366416,15.064579129808159,12.855857364762613,11.16188959156149,10.501593903431814,9.841227585144145,397.22797052410294,81,50,7.199738560941932,20.634232432717873,30.65606468821829,0.7725113604519838
2023-10-19,28.234776967083615,29.243161782122932,29.170913083273156,28.601344418177156,25.62547973720321,23.657515480558423,22.520584564990358,21.8176161609151,21.009290524306405,20.402583666247033,20.166638736723684,19.93069379330251,617.789318035717,83,42,18.98691401881951,6.084675737134459,24.070981678903983,0.4694540869044595
2023-10-20,29.68488399848091,28.85230425814346,28.074255539935713,27.34846924753625,24.925480100943112,23.1780127697384,21.996835485059805,21.288383732962952,20.981165406088408,22.411705863915625,24.12686464235717,27.275514539528764,481.2967085523435,75,38,76.515295849141,-45.94094458944414,-99.99999999999758,7.355220547998694
2023-10-23,29.501754323664684,28.494196752528666,27.567665020677538,26.718029093837266,24.01228650417549,22.252291793663076,21.25174786724706,20.85679303749503,21.398981681174025,24.2418100680923,26.810571632428896,30.985456043922657,515.6230821108688,76,42,76.16738991114025,-45.572724487599885,-99.9998614105401,5.983204638837404
2023-10-24,31.467387736274134,30.334809076059976,29.28310594643993,28.308344182142957,25.105956163485253,22.862109146264046,21.397080591580927,20.561350395371203,20.302344633686264,22.151317270152152,24.18743755096264,27.72972279656707,560.8452256441002,80,47,70.62480810908339,-37.93985056796914,-99.99999997916734,6.149517090492926
2023-10-25,28.029012963005393,29.36376869266421,29.322375368060655,28.5502057792052,23.763618706069536,20.037227787878788,17.687205684776067,16.179927446565706,14.42229476702764,13.098780819643586,12.583995503754664,12.069209088858496,387.9198763179474,76,39,10.010063288112045,14.2418985896548,39.535934571074876,0.5743479273647741
2023-10-26,32.24422816068836,31.571572067623784,30.099634939935065,28.36028878730484,22.30799094918636,18.75531763503628,16.73000776365209,15.478525023280644,14.038879418499999,12.958170282340735,12.537885984698228,12.117601641131998,612.445987217898,80,46,10.436464263680179,20.679576181620764,30.673791834762646,0.49104979158832357
2023-10-27,30.880442018039194,29.90008217712092,28.96650897693502,28.0772170628493,24.917575501270516,22.299779562415978,20.119501244471653,18.29379252283317,15.454868199149386,12.579555971962243,11.254614512374332,9.818188487031405,657.1270602594648,80,32,3.55576371324147,28.35448180764686,1.3731934711811047,3.195469641408712
2023-10-30,31.71569245776972,30.641018349367073,29.619848037377157,28.649400494016486,25.22379459045874,22.42006331979101,20.116581431793463,18.21539277482008,15.321697557924075,12.48804389613806,11.221137890741087,9.876978483785626,647.1511729279672,88,43,4.22237803932163,28.62441105354822,5.302475484528444,2.5124550957486274
2023-10-31,29.381478740660786,29.670725741362904,28.40179622219185,26.71317792651665,21.365187419744085,18.737960550918444,17.35688766802911,16.52353901248211,15.570586791918993,14.855848348173907,14.577894462698275,14.299940577196164,693.3979635654682,83,47,13.18812503518732,11.726608911426815,34.879343886807646,0.35783482857504034
2023-11-01,29.503651464310853,28.689450887296594,27.901062462456945,27.138687329622112,24.347391388763086,21.95071162317831,19.910193919099697,18.18052750468383,15.476488423673443,12.759491711009142,11.528882839648045,10.217026641159395,615.05810142903,80,46,4.68710772987828,25.656133959448002,9.489371395282925,2.371658003397082
2023-11-02,28.40711951499336,29.379091051912287,29.239907151283102,28.9444282496328,28.23709158516718,27.974327143458307,27.842731003941125,27.763771918665157,27.67353294931344,27.605853722245644,27.579534022830387,27.55321432341513,561.2354607610109,80,41,27.447935525754108,-5.1072240385223155,13.308199888266696,0.19256025061512255
2023-11-03,28.253349995843074,28.178142276969105,28.120684476440037,28.080394471436026,28.079807940609435,28.31123366958068,28.74428406444166,29.351755677380254,30.995244773111587,34.23961005309048,36.74122032826169,40.77143367809249,359.5062223413926,77,36,119.33445172401025,-90.9875459662535,-99.99971433851829,10.944191050543104
2023-11-06,28.22610272611906,29.670098226307232,29.372310485600163,28.63451086371964,26.316908772766297,25.29944051121536,24.78179109262523,24.47092678620224,24.11563943517203,23.849173672132753,23.74554809752781,23.64192252292286,633.6651203664694,81,41,23.227420224503074,-1.813098660780852,24.391975497182663,0.27536951998749964
2023-11-07,29.13936005841475,29.623031760979217,29.832570207933642,29.844424401577655,28.87749100721597,27.46478860422367,26.200826938821688,25.196067689455994,23.82943400143946,22.705772183530755,22.26029639109473,21.81379951140584,876.8753081252423,84,43,20.02704704302563,8.253994438565194,17.35194529219897,1.0466891186613847
2023-11-08,29.765222915850234,30.16647967282431,29.946174906795036,29.40782964913084,26.668565775742834,24.649788066086252,23.390862909070055,22.58577985829236,21.64776403278543,20.941538969666265,20.6668517955119,20.39216404847901,619.4987200910222,83,46,19.293412986185185,8.944114036452893,19.68354623985355,0.5757112448884232
2023-11-09,30.755756337765774,31.201266457841527,31.09998892307425,30.683289798253192,28.114290417090864,25.918838590971774,24.42771839240557,23.430900344710427,22.242282635800326,21.340242803731364,20.989150741436983,20.63805032677641,448.6992351852578,75,40,19.23364676418576,10.174284709467916,20.8281084556258,0.6794976572605624
2023-11-10,29.934252762866205,29.378605117073636,28.856599877318143,28.367077111994288,26.711829504605255,25.492289737137092,24.649584058100118,24.131795719417045,23.893492421963686,24.995039028435723,26.38094232747117,29.04205679771991,511.2911213104779,80,40,86.07282216929495,-55.54808297131225,-99.99974725514767,9.134194602142697
2023-11-13,30.583678874314842,30.057586598073,29.559133407074807,29.087468508206417,27.452477467837436,26.183835470498487,25.23729198512582,24.573295990740593,23.95543943085755,24.38018187544144,25.30218782045751,27.30832526692417,573.3268618581051,83,46,84.77577022643399,-53.63748531427142,-99.99972636589533,10.182153124289316
2023-11-14,29.12157335028772,29.440273257860994,29.452761497016922,29.259860298893123,27.609559989605092,25.823324138402747,24.40203764012499,23.349506208721746,21.997885292051066,20.930037690964944,20.511343651717404,20.092371496186903,518.7523617769706,79,46,18.416334491334013,9.94157450035371,17.57511482693363,0.9136483017534682
2023-11-15,29.97301655050908,29.069498695215312,28.219789918505686,27.421740846849133,24.705819435768035,22.66362523524483,21.19070124826031,20.19710156422876,19.3493267950466,20.063580868219578,21.369724055661553,24.004021808613864,664.3523691749971,81,45,71.21200765494227,-40.27943424815834,-99.98462349809927,7.551192717516243
2023-11-16,31.599732370699574,30.609761654247222,29.684349130009316,28.82066791563993,25.93055424384822,23.829418919750104,22.383535827032564,21.479468112693464,20.92723183274135,22.198431100067666,23.868702589119536,26.971312257646026,695.1957094853797,83,45,72.58437447719719,-39.92716975747686,-99.99994149824964,6.874986444018861
2023-11-17,30.050433837238984,29.840163047938574,29.232316416371045,28.420918173694428,24.937137061277575,22.33417014151285,20.629396016705396,19.504236171418356,18.16966589382338,17.158458605205634,16.764925634383175,16.37138481776598,627.0380783802572,87,48,14.797219783691888,14.761135707793592,20.088960473225466,0.6775440580525276
2023-11-20,33.01411543238706,30.699524225244872,28.649148406140718,26.840741172309937,21.63958387171813,18.92842363498788,17.92549097759314,18.07051576813579,20.32577458514471,25.530390527058394,29.050147160595262,33.71278845230614,592.168135392556,81,37,60.50847943173012,-24.891446414096123,-99.99999999989099,3.4070703842051486
2023-11-21,29.719098646106545,30.074636885951517,29.43511139945754,28.351725053511338,23.75019115598477,20.760090456685774,19.002673920445137,17.906392913548018,16.641665065153774,15.691760628426415,15.322339356768433,14.952917989984671,466.16828766262034,76,52,13.47523251508636,13.908359600357382,29.502109871072996,0.5105976137425401
2023-11-22,29.26158571638879,28.648124779464897,27.949164252561516,27.213509274913932,24.41117381561468,22.240345672019917,20.694089484721225,19.603484905484468,18.24157794179225,17.17983135840789,16.764496044231162,16.348971582456407,382.1687186093076,77,44,14.686776047532167,15.03202052296274,12.508305915134757,0.9053250195077184
2023-11-23,27.01654156223693,28.34206810642469,28.850418492015415,28.821284767887544,26.431712130495654,23.544151689903302,21.292980931536274,19.673562544209148,17.65206475478504,16.085259028833608,15.473591969973224,14.861797234492743,482.2526791455396,78,48,12.414569583084146,12.061446331340868,33.468591524128975,0.8062461834392081
2023-11-24,27.853126286532213,29.358145196222427,29.572651021952865,29.125835791369397,25.856282365632076,23.37395276875164,21.862380485840045,20.91004387515836,19.808190486392327,18.98017550206993,18.658151566198086,18.33612749302383,373.1024925225316,70,36,17.04803118824168,6.92358077059293,30.228991830652067,0.5200567072231631
2023-11-27,31.706781434433655,30.657853529615295,29.705006468641013,28.842812664949545,26.20134147134813,24.642115622203278,23.929260905608615,23.872036202598462,25.13939013926429,28.983096639767886,32.08826860946978,36.85090233518163,608.0918161784513,75,46,80.62799243294607,-47.770486565924486,-99.99999999998478,5.424288601718728
2023-11-28,32.51016489139152,30.75742102995474,29.215387960763962,27.86710221477344,24.113663740233946,22.39077707808335,22.08047600614385,22.730983845385634,25.69353234581788,31.658651829168875,35.62074331108212,40.898064322963144,625.5028809200514,80,38,72.51594711257097,-38.024034742072246,-99.99999999998356,3.6843104444823314
2023-11-29,28.42188857855185,29.082512724758974,28.86574823819798,28.205452522431518,24.751928929661144,22.23602567077241,20.687328777917966,19.70364858518181,18.56112992280465,17.70168386466671,17.367418454916074,17.03315265347451,701.1202245950599,81,17,15.696089403430292,10.454595399007165,25.68356223586069,0.5549798347233144
2023-11-30,28.9093061020877,29.332589790808694,28.900332978116722,28.007061172950166,23.441753600292657,19.88916138998112,17.57841529913702,16.066887743911124,14.285447212899571,12.939259534562352,12.41551069895189,11.891757010346948,353.06787464311674,71,60,9.796741363639073,17.206207306993498,32.167793153021194,0.6364733349077569
2023-12-04,31.58172242950266,31.127602633199864,30.1990230611882,29.025726771093353,24.076449302806132,20.325152215370128,17.821904818487354,16.14886598233433,14.148285317685907,12.62713175858287,12.034895521850135,11.442636132242237,603.7884968792624,88,57,9.07359240140292,22.133718321671417,27.56157691202396,0.7150708360589794
2023-12-05,28.155733099572448,29.339476551803653,29.64465233955633,29.376886570058474,25.967090055490416,22.229217677299772,19.357355766182707,17.296628649974153,14.72313740291883,12.726566964203542,11.94691262694252,11.16707453621641,425.86018735879173,68,43,8.047648912103547,17.61167655076199,39.49766668710432,0.8193298831048026
2023-12-06,28.052088644304792,28.509039219647452,28.55071320899831,28.294493987137898,25.783000259479223,22.735233803782222,20.080906947672364,17.975431052575622,15.095084830587847,12.707065651689929,11.756903569284045,10.803834713320914,425.011812244784,75,50,6.9891294870937175,20.037493904428953,32.084650459418754,1.0978290723698005
2023-12-07,27.459447989647785,30.182562036756977,30.173760963989512,29.051534128710067,23.58802983822698,20.37515821477141,18.618644076925552,17.55083382880211,16.3282919704741,15.41125498786199,15.054629062127301,14.698003135832453,305.2039673879406,66,37,13.271499430638524,5.428018333611158,48.52625623748546,0.3965868459544013
2023-12-08,28.792835069334913,28.666109023548838,28.51903194695668,28.352619263875155,27.51258994239631,26.43487908749635,25.167960531814092,23.75308864311979,20.6141301026369,15.510812476019215,12.052821824566752,7.0039652138734,335.6936853981892,64,36,-49.999999969143296,78.89815438377245,72.95838067969781,7.877370206293775
2023-12-11,29.608185490960196,29.423010515515042,29.003341652873313,28.461629640730713,26.14666547986845,24.385193783962272,23.21029770767477,22.425720943124006,21.488205367015425,20.775612292437806,20.49818931750486,20.22075620351679,800.1140231434287,80,54,19.11102109429936,10.274403502913554,13.147044930398458,0.7107172227876933
2023-12-12,29.462670791964978,28.457325706397228,27.57329920696938,26.802453547877207,24.704423103602107,23.880743828109974,24.001222012571283,24.80919996039359,27.739087004150125,33.62148550197598,37.72451615161397,43.50276457428008,732.5854364490048,80,59,85.76406204811842,-55.16607946122373,-99.99999999808472,4.657347832384791
2023-12-14,28.45324408454765,29.135320187390807,28.46512916982075,27.396452109444365,23.851321051833644,22.108442596889045,21.195786111716593,20.645571025833533,20.01647413848941,19.54464043989178,19.361149539801445,19.177658639703704,561.7482898925922,75,59,18.443695039312647,5.7551102246443415,26.089639303681935,0.3457227382514922
2023-12-15,28.241203767064643,29.267709346278576,28.99671116269907,28.27598173860813,25.508693092798083,24.061324014023263,23.29446341451272,22.831290604576598,22.301586602823644,21.904292508634324,21.7497892186836,21.595285928714727,612.1512303225554,78,46,20.977272768838954,3.0556393711966208,22.80031484188483,0.3585324030875042
2023-12-18,30.230066983370136,29.033603477972832,28.7215475273739,28.568628628361292,28.3394636851191,28.263076451202526,28.22488283424461,28.201966664069857,28.17577675529871,28.15613432372035,28.148495600328772,28.140856876937185,706.1014635674743,89,49,28.11030198337085,22.043024058998764,-15.022410356817746,0.06528252698943572
2023-12-19,29.470520926881413,29.909241628219746,29.164333912981373,28.047158464992524,24.234776252347793,22.26966615894073,21.223786537302626,20.59122095630292,19.867609300743666,19.324866101267467,19.113799216069456,18.902732330799186,459.4451873932861,70,38,18.058464789716705,8.009239020889051,25.7233950651231,0.3754231906096109
2023-12-20,29.378214996801482,29.39433319323084,27.87185842879594,26.009897908112443,20.481874835460594,17.884862823911607,16.53427123472664,15.720775858202265,14.790748888274361,14.093216775326498,13.821954270055272,13.550691764777774,518.3617762517522,72,50,12.465641743667717,12.451938805052768,35.401523125146916,0.34011646514501054
2023-12-21,34.288237075939854,32.279714834618545,30.49310578751451,28.900826894889608,24.041233990167633,20.851954570846825,18.687113439673592,17.16723155286385,15.240258043296809,13.703337128326616,13.096034010475112,12.487100168889635,761.401812361935,77,58,10.049560662079307,26.50094094609261,0.001707390570300115,1.3796276638019982
2023-12-22,29.933227354473566,30.280854976817853,29.35280477548025,27.91597647602569,22.323075848692763,18.971562504930734,17.074835325276275,15.907810322153612,14.567419403909183,13.561523602284543,13.170337743081486,12.779151868017433,604.3748051092408,74,52,11.214408366896748,15.639996128180876,34.9431987419698,0.46401087509531097
2023-12-27,29.207355708404855,29.20835835095132,28.599668351053985,27.675301914454355,23.489017093034,20.358833047051778,18.336379609436904,17.014587397352958,15.456411664194095,14.278673122518434,13.820447195881247,13.36221647840428,247.30379289496346,65,47,11.529292691156611,16.59835869166562,26.065654602634243,0.6444273456327428
2023-12-28,30.628405259512,31.5071385050571,30.086756502071108,28.090681830847725,21.97684478058251,19.125219745529222,17.649547252739072,16.76150027560707,15.746355668192447,14.984989644473579,14.688902849236094,14.39281605399656,604.1073437353862,76,55,13.208468873038411,9.983458269374935,44.64187639540988,0.3252192013722322
2023-12-29,30.431731720025688,31.03276272264241,29.643098192008082,27.675480817499555,21.236359750065414,18.01685538797528,16.3179125986165,15.292083621219568,14.118916504717928,13.239005010247954,12.896817132591053,12.554629254886617,675.2137131546045,78,47,11.185877744068106,13.457469629722736,43.15298968429138,0.36267631301827413
2024-01-02,30.226277652447376,28.428851528610284,26.785162848907667,25.284045495085863,20.507857603177424,17.29944455735606,15.238074966310391,14.009259193327157,13.172148427427874,13.972360273550763,15.023550110700892,16.722424299289337,1160.8547581715618,89,52,29.162060278918883,3.0273728697665283,-58.20773903799404,3.733418996533445
2024-01-03,30.36991628821802,29.26553753836514,28.069865230052148,26.857277958250023,22.52588774927354,19.41392483319429,17.30898419729299,15.874187250894309,14.128354334146351,12.787823369411063,12.265050454532567,11.742196513024668,296.88020380324514,74,43,9.65074894223654,21.618137215037738,16.743632779732646,0.8177859525772129
2024-01-04,28.920041552424642,29.896048603475442,29.261584339987316,27.940566608435986,22.267453923084908,18.755121648350805,16.75686221718875,15.526232488954028,14.112574737820886,13.051681522709107,12.639107517659493,12.2265334961152,459.404350693904,80,54,10.576237409053073,14.019216242016919,39.5283177685893,0.46228910001782303
2024-01-05,29.073676897380402,29.394181538793497,28.492916882047435,27.104784113389556,21.70939911738684,18.476026006012212,16.64565655767847,15.519331545764109,14.22564003288644,13.254783728248011,12.87722442120147,12.499665098479825,446.35718447024146,83,51,10.98942780673421,15.147851987270375,33.612214040402904,0.4645924671909277
2024-01-09,32.82195631732752,30.61853602833965,28.64476819547239,26.877181671220423,21.477665872687176,18.02740692837907,15.839161484523219,14.465794654673688,13.103574442399964,12.559626195547443,12.533731102245905,12.618765323766892,478.3761174065451,88,49,13.420145694893206,21.861002791436217,-27.257987088686793,2.364668479133767
2024-01-10,29.453646049731276,29.788210541544274,28.95743913224429,27.561129074555748,21.305752957123442,16.920955048277982,14.22574422777711,12.5107831804091,10.516383600128497,9.015500400370462,8.431744225975079,7.847987075452073,399.15782595523643,80,57,5.512958351849503,21.42953432551112,40.050788218742206,0.5697014818223118
2024-01-11,30.121388052104606,29.344632044637923,28.378130401801315,27.307512239787627,22.936329810947246,19.32483175750039,16.65061017439898,14.71662932004506,12.253453829285522,10.30873298937378,9.545685401775486,8.782008557850759,468.49811111723574,81,50,5.726922785093871,24.86149277027974,22.85364314949195,0.9604153854542632
2024-01-12,29.06366185910255,28.696058595707413,28.327673957321515,27.958605544019246,26.477344542987577,24.99221486518864,23.508164616088557,22.02953915551568,19.103274614307434,14.834599477490924,12.094150183127441,8.169160356903847,527.9126968589915,84,59,-49.9999978767979,79.43038100426713,43.309636427940134,12.328035134267754
2024-01-15,29.47594999569406,28.8743923416064,28.28776068866136,27.71563839897569,25.56433629870416,23.614922078229093,21.846081561644713,20.238900800956035,17.444208539946313,14.101152823816868,12.314703310151414,10.138904045003732,319.65381744713335,81,52,-2.849631727543597,32.942494818847976,0.09411705404469045,6.572438654024476
2024-01-16,31.468616734676463,28.82811829244574,27.924391516278384,27.472291623284796,26.794135388824294,26.568083296162843,26.455057249832112,26.387241622033677,26.309738047406892,26.251610366436804,26.229005157170658,26.20639994790451,560.2846068247663,83,46,26.11597911083993,23.40279670835436,0.003665210018866683,0.057946073212546155
2024-01-17,29.46571260592135,28.786908467404682,28.17073228235734,27.61412538322805,25.926694300815164,24.97960842460485,24.631790247989635,24.76530335860955,26.09930956597268,29.735746562369744,32.69856468169504,37.3745213492019,539.0619246034224,86,55,89.67794441349551,-59.467604415786916,-99.9999999999572,6.506926414299565
2024-01-18,28.091306338375873,28.254265016819886,28.138466253721354,27.850007591063072,26.10863869042141,24.499943588665353,23.324060842246784,22.498602029564992,21.480642396958412,20.69544490077216,20.389102994536227,20.082708767501384,768.1792237407988,87,53,18.85711222823381,8.639163748994765,14.272439205018523,0.8023860178719452
2024-01-19,29.24340610985162,28.418578447237195,27.658745644812328,26.960848769679277,24.731822221087064,23.280318557281035,22.464170503798265,22.163995315695146,22.727658965423675,25.422821855973066,27.878816669665557,31.94059831327184,499.5138420373275,74,50,81.22575202202226,-51.08933092990412,-99.9999999999998,6.586711572089522
2024-01-22,29.19032017129549,28.430891626351773,27.723908741235885,27.067175895136625,24.90164208260049,23.384597305225345,22.41032337102838,21.888272483299833,21.902352984665082,23.71512084205184,25.635478343627174,29.037635794309757,343.51686456929025,76,50,80.17804722283778,-50.17357218444239,-99.9999999999991,7.394399248713359
2024-01-23,29.992352471301338,28.953564374636592,27.987121264395334,27.089655657977215,24.127065371029992,22.033293396802904,20.652062595835126,19.852215853869854,19.575069953810587,21.301073738870567,23.248434478142897,26.68982124130427,411.355365855171,77,47,71.39930626374743,-40.292305376295324,-99.99999995303186,6.468656505684486
2024-01-24,30.256359810925336,29.03395048023719,27.926303155504986,26.926487943983105,23.879723897545045,22.09397704374691,21.27691271289076,21.196051106585827,22.54449841478176,26.589712322627324,29.794044829652147,34.61140442527251,296.575230453451,74,50,75.15262242967314,-43.551764222817496,-99.99999999989758,5.011068223280209
2024-01-25,27.933970369248737,28.669915828028657,28.326662544878033,27.54914836679966,24.300109473322347,22.38889729999638,21.328777681429038,20.68121494192811,19.938968248733612,19.38212408464586,19.165572820105346,18.94902155389506,366.61099490982457,72,37,18.082816488991504,6.763717415377321,23.65173004586792,0.4271867441736325
2024-01-29,28.041298404037487,28.74655630230618,28.098423682870177,26.98355582385262,22.92512241828299,20.756085482505444,19.59086792581729,18.88479087314873,18.076829002122413,17.47080134322756,17.235123757272667,16.99944617114394,306.1185724939282,75,40,16.05673582662507,8.036908899873282,28.5322172350005,0.38668288423490604
2024-01-30,29.224738111547417,28.204590757793106,27.258433998563252,26.382743985772077,23.519346862334366,21.538381586689596,20.27740609874272,19.600604810958707,19.565032337928415,21.61470074720354,23.742778777704892,27.401341892316612,457.1661481412208,87,53,72.50349832057117,-42.18094042513192,-99.99999999717818,6.351374676392232
2024-01-31,28.020271799701938,28.659375814331824,28.216285151573196,27.355612431208502,23.940359333688622,21.983750349108238,20.906911015664786,20.2504524559473,19.49834438931723,18.934133375282116,18.71471741626287,18.495301456150166,300.3486665187355,78,51,17.61763761566198,7.348577121192387,24.05038514374926,0.41928002257648395
2024-02-01,28.634242176758622,29.013559849311548,28.59330715035221,27.838778867985276,24.727500574051245,22.81960283192705,21.734175438747354,21.065463413605556,20.297172461676336,19.72058288529999,19.496350992318305,19.272119089090555,226.32865405771696,82,52,18.375191475610475,8.205163499240754,20.667725276957825,0.46597049247442685
2024-02-02,27.422775121962886,28.68894484021699,28.007565440190902,26.880683669280703,23.57021338173055,22.131481203587736,21.39916695891185,20.959352240691327,20.456683803638963,20.07968202939804,19.933070228120155,19.786458426842263,458.7480961205613,78,36,19.200011221730694,0.8329392407386479,30.49392769805631,0.280803953164553
2024-02-05,29.730930960735826,28.648553903956515,27.619146548138605,26.640773409914047,23.201153696577475,20.43934985224554,18.25948391446774,16.578102930658936,14.429986084125321,13.416968680116593,13.728833432614092,15.097615236515665,783.3631137045886,90,46,56.44595152180635,-25.577670849434735,-99.99999949068349,7.9816588487628035
2024-02-06,28.352843236700643,27.2434206685885,26.345294113580724,25.613190692546098,23.75403728587806,22.81162911464315,22.277415060947348,21.943762780612037,21.556929291906318,21.265721435613766,21.152444615215355,21.039166931358604,762.6225841638858,85,55,20.586055980066156,9.146394578158013,0.0021507323133628155,0.7429229511757519
2024-02-07,30.037155394901646,28.618720661020973,27.373187864350527,26.283565682059816,23.19630880013974,21.59776479436413,20.956140348586715,20.91470480926357,21.76414903644406,23.74608922698635,25.013768276497032,26.60280211898091,340.4042198709922,80,51,34.6258817825828,-2.978678315217352,-41.296291487789674,2.796816026199197
2024-02-08,29.235376917783434,28.40400755498384,27.62262825227485,26.889279965781643,24.399389949850658,22.53831804444539,21.210239852930975,20.332351045173226,19.651101013499932,20.513167260709828,21.88112981217877,24.58420206175768,347.0020289150818,80,48,73.60454312386209,-43.485776099444905,-99.99999999997816,7.762125843071105
2024-02-09,29.41722321435896,28.44958968946041,27.53896886869238,26.683053360214718,23.76320583461728,21.554910525101327,19.94656180284558,18.84230616749553,17.82892305544564,18.384217576010297,19.618142637064206,22.16879747487607,364.0235404278429,85,57,67.85071665734547,-37.406451808888974,-99.99999999562696,7.3982972186898435
2024-02-12,30.049294618294972,27.67058024620264,25.775285786121927,24.28765250326526,21.25338037356797,20.98274102377652,21.95325075234144,23.39051239843749,26.362506937990897,29.782764042299366,31.363630843561246,33.03188803414127,510.0909818332137,95,61,39.89783315137623,-6.897810879835537,-52.40098869422095,1.7394806205859825
2024-02-13,28.461989175838184,27.887724218519352,27.35466638553548,26.860559653080216,25.23241410433688,24.074526351640124,23.288937432012023,22.796399393393294,22.446984068687716,22.879818708994904,23.48846104045334,24.574530659822052,461.3192554419136,87,52,36.129094386911184,-7.049256707613793,-33.905368548388026,5.24153629216213
2024-02-14,28.138701941465527,27.84614066351436,27.229269902852142,26.50542589506878,23.99795531906637,22.529062674076947,21.69201984259183,21.17483821277741,20.579908139841194,20.133308704899825,19.95962763174911,19.78594653963883,469.12054936626583,81,48,19.091222169881064,8.606003954770497,12.611696619057893,0.4911401926008554
2024-02-15,28.669200141487615,27.85871506128889,27.104270042345252,26.403466169564524,24.091830057402944,22.46906888129477,21.42052025238595,20.84837236719932,20.812460863393596,22.61824166537536,24.551087820461227,27.97232594480343,471.9065171914418,81,48,77.80782032371033,-48.26960074799935,-99.99999997648756,7.1916288467414216
2024-02-16,28.41781321803955,27.553884659177623,26.740984363219344,25.977113648398813,23.374379942072043,21.41365007140195,19.997215528489214,19.04066758110036,18.225930989626697,18.932358382327113,20.217802596246116,22.819205135748597,468.3212154591675,86,48,70.95028897297337,-41.61544699555118,-99.99999999995207,7.728644827540343
2024-02-19,29.21237003685977,28.175723220059194,27.20951841752418,26.310261526269027,23.318260636972035,21.156498411487753,19.667067537872583,18.71935631741437,18.036649118211912,18.932321725439625,20.223743293705752,22.59975707831042,410.82432972107983,81,44,51.89910799793477,-21.575988428076787,-75.75770512480423,5.8941128202599815
2024-02-20,29.51994958224775,28.642815236086676,27.82800195590225,27.071350091007275,24.552303921483986,22.69476330198555,21.33708860155924,20.356136407939132,19.172075469449553,18.50671216568409,18.426006196609055,18.527927468563327,605.223170351911,74,48,20.76025138886346,9.703603420541944,-20.239941276536843,3.823815104038228
2024-02-21,27.33171092705274,27.388110719905104,27.14493123705827,26.729768953085696,24.627801899645466,22.881849784411447,21.677107169210014,20.859625694248237,19.874138699323893,19.122414271877403,18.82963325174549,18.536835483476274,485.03772726678125,75,46,17.36563960005931,9.418146172316666,14.569549749653696,0.7323729052230412
2024-02-22,27.501851977232114,28.187832663775268,27.930234850961522,27.205674057730782,23.530141057471305,20.914015558377034,19.32273533854427,18.317274432269794,17.151956862706523,16.275829585675783,15.935085711580829,15.59434157638727,280.8103254986202,75,42,14.231365008776816,10.824419181303831,26.947321877830785,0.5412683646893708
2024-02-23,26.368438514577523,26.64311044495155,26.72009497683132,26.648931219136145,25.54686613984455,24.02612079971147,22.602914809502245,21.413355230149946,19.700672273651794,18.215434021901718,17.613905911955264,17.008054993692706,707.0708041652192,86,54,14.57989600687838,11.253530176259789,18.102289802084904,1.2407800419895338
2024-02-26,27.6794126638931,24.85074864557452,23.283531191288592,22.344898560472163,20.802256335227263,20.275686553655547,20.01229033076474,19.854251526990485,19.67363573277323,19.53817388699165,19.485494280298806,19.432814673605964,314.935005330097,59,47,19.222096246834592,13.975899396869114,-0.006858601035493253,0.22627011029370728
2024-02-27,27.807806611273993,26.992639080761922,26.225360864579493,25.504136756500916,23.045253140541362,21.19205399090132,19.854232255339554,18.953491551347376,18.201155278786572,18.929218591505478,20.207270229824477,22.790190556019443,595.8465780381416,78,43,72.1177599618563,-43.444995714210954,-99.99999744325366,7.938630404955836
2024-02-28,27.231597897997045,26.76306043384693,26.321524685124594,25.906141568462758,24.48996366288877,23.430160380126722,22.682690100089623,22.208249434282244,21.942083443005505,22.830532540774904,24.02299909792731,26.3834932505777,231.53285794431966,73,54,86.40183043686223,-58.67382013195252,-99.99999999999231,10.116129675240106
2024-02-29,26.33047471015434,26.534854158570273,26.464408395646632,26.215183970865123,24.518552637896622,22.822278480224576,21.519019493141332,20.573708010114988,19.37859006252353,18.443355543203616,18.07743790390363,17.71136253561232,278.90401452640845,75,44,16.246985753299462,9.469893934549951,15.603865629446844,0.8760417860789413
2024-03-01,26.713328584298566,26.33349643542556,26.307609118880713,26.296545141909508,26.28001947993701,26.274511121441893,26.27175694219434,26.27010443464581,26.268215854590345,26.266799419548747,26.266248583699234,26.265697747849725,595.7268987151924,84,59,26.263494404451684,26.638129122280247,-26.05617873591217,0.05679204231977623
2024-03-04,28.285126321317097,27.23080965161855,26.33257008249356,25.564414410389464,23.417543286342664,22.17770195523873,21.413778880771186,20.913230463062156,20.315054177622397,19.858168375865723,19.6800246825761,19.501844720327725,432.65172986114794,78,52,18.78910512071063,10.738082176872666,0.0025367587600992093,0.9953892899560601
2024-03-05,26.549291733031733,26.72728322464488,26.655137892486245,26.41409432408657,24.726197012450427,22.950741190489378,21.5254366223249,20.457152116771788,19.067885433614485,17.95969547403708,17.524034353428167,17.087929343063443,317.1390666700348,80,53,15.343239846409102,10.667511319231238,16.55004480790803,0.9615260234546599
2024-03-07,28.654891372365036,27.210486872291085,25.9821632428192,24.93355441745929,22.01339980727169,20.33553190769506,19.305398021490095,18.631965644766854,17.82853631773014,17.215472507351567,16.97648198463425,16.737448056997803,327.7718778489215,76,60,15.781289380354272,14.578495041861322,-0.0014154493828935737,0.983899654661688
2024-03-08,27.095107703026592,27.35830497108922,26.614305510073645,25.44632689988275,20.74159125495443,17.808188561448468,16.11557185361671,15.066909565709365,13.859891436673571,12.953742608540544,12.60134372886652,12.248944808526712,196.67008866693794,74,55,10.839349124379606,13.914110816368014,29.284864415329498,0.4894545564755587
2024-03-11,29.038656374963047,27.872791258126448,26.82239279730031,25.880335220501905,23.066353210163797,21.509883599991994,20.91257819982411,21.038218494996983,22.75271299646078,27.226630559046143,30.64498697904004,35.69806260474489,279.80843911426643,86,60,76.84028175925691,-46.512752036592445,-99.99999999982069,4.941542263866301
2024-03-12,26.043161166387435,25.53883929377881,25.08657342664497,24.683918654514237,23.52390691859012,22.98634578035122,22.956488765543966,23.3374902119338,25.01881431333036,28.96765611865868,32.07642933851764,36.944858518177064,327.903167030697,88,64,93.97212673370144,-67.37003957398885,-99.99999999296274,6.94722698046015
2024-03-13,27.015186163561406,26.647847093812857,26.196306269138713,25.702613525986123,23.749265030149687,22.205627374337546,21.1023692837301,20.324760104017866,19.355595830817123,18.601386769033006,18.30650200331367,18.011501209006408,338.67219232973406,89,67,16.831440979390376,10.406157353440891,9.527408364684831,0.8879952087969657
2024-03-14,27.569728534035697,26.929316238477227,26.332043821321626,25.776234444619902,23.936073352273112,22.63942549806808,21.803729405431973,21.357393581762715,21.393155064741837,23.067544364898005,24.85806983881429,28.079104948727565,319.09477208164753,85,42,82.55542296297897,-54.30040567938434,-99.99999595684884,8.064772037598116
2024-03-15,26.193423845241803,26.58061114816924,26.39100671529818,25.851565717947523,22.561728886760342,19.589217047740025,17.465112572592613,15.997575588253115,14.20900525147609,12.83800764190292,12.303675831084451,11.769292850505355,474.9311976839988,85,48,9.631744405112494,15.2636982313214,26.839754076984764,0.7615344143038201
2024-03-21,27.279770173063365,26.41884383698357,25.682663498603805,25.050894364928503,23.27234929757861,22.234611014170852,21.590545202873663,21.166525291372018,20.658008127119775,20.268789805688815,20.116961166803293,19.96509370488594,316.18212107146684,78,55,19.35760145518787,8.932499442609158,0.0018831680622433886,1.0199235795782724
2024-03-22,27.76387427544719,26.157297101221708,25.07159926078151,24.31679318702655,22.846831867129332,22.2886159830256,22.0059453204177,21.836144484955,21.64206596328987,21.49650624533485,21.439899686857313,21.383293128378874,349.0860809782582,83,63,21.156866894465104,9.050233237737572,-0.0009657807479166846,0.37532248050456085
2024-03-25,26.91037165410287,25.937232420103452,25.642407014173173,25.4980686774746,25.28205734294269,25.210059299834718,25.174060278321647,25.152460865413804,25.127775822090555,25.10926203959812,25.10206223529551,25.094862430992894,310.7130658638999,84,46,25.06606321378244,9.572240368235207,-4.254007718907924,0.08122778498820994
2024-03-26,27.488596057112872,26.93446179471585,26.39225759701376,25.861694514221394,23.850331431529458,22.003969170355866,20.307380055991427,18.746835439595067,15.985554164604936,12.591141700803226,10.729786738741518,8.410831060572633,362.0730942278892,80,43,-6.82965969343217,34.88461669903983,0.04619220002141973,7.605644863099367
2024-03-27,26.57451566083484,26.193712231860342,25.81542707656009,25.4396415149985,23.961126738140653,22.52114886585285,21.1185811035449,19.75233168841787,17.124589262003795,13.429961002800404,11.120642684741368,7.870051384733923,311.5282282885671,88,63,-49.9999903374584,76.95784652940894,3.789952297490895,23.779564938926402
2024-03-28,28.76509297513678,27.190062854664966,25.82800527003447,24.64652276937085,21.24477962701062,19.195023706143605,17.89275518993637,17.021776808738135,15.964231777208225,15.148393077231301,14.8295362345508,14.510516986496016,314.86378374879234,92,63,13.234327839668422,17.357498573881553,-0.0028893552579254203,1.1030418883861157
2024-04-02,29.64895744238522,27.662784756848325,25.91876258900036,24.38688570279674,19.902294468856073,17.212053442344114,15.584025900295718,14.587239883639642,13.57444229533511,13.029006814408975,12.879719201827076,12.757817851373645,329.19875588537064,94,65,12.343654937938291,19.56790956524745,-16.259539236364763,1.8556202881535715
2024-04-03,29.137614251789277,27.753399671594522,26.494739304713434,25.348821306603,21.68195043135712,19.09775826734683,17.236614672767566,15.866310585014928,14.042175597985926,12.518020445882334,11.902866203290825,11.282128669196178,401.837889919317,99,52,8.789964232677566,21.871804210381427,-0.005665426344708907,1.7098695821420176
2024-04-04,27.030733732830747,26.24959745724054,25.519221312042273,24.837547779071564,22.559290215515773,20.914045146458243,19.801936225117018,19.13702827618653,18.86389796016489,20.274204974508546,21.958523413996744,25.062420883426306,355.89874768976904,92,57,75.58824312652193,-47.72347807866077,-99.99999989452793,7.587652729725109
2024-04-05,28.765706872754325,28.66031548181762,27.24566337854659,25.5372936526672,20.415924466203844,17.972495871778968,16.69566930398965,15.925960352436814,15.045893737733564,14.38582739934818,14.129134906780308,13.872442414199206,378.52105416361456,92,58,12.845672443874621,12.307821448314838,31.65468899735425,0.35033371385609874
2024-04-08,27.681310051971053,26.574944803012876,25.797496177213507,25.264202494662666,24.509838821373535,24.64641766049354,24.962374704654408,25.26149825064563,25.694380758468398,26.05564813401124,26.198740273326887,26.342072732671472,364.1275862646192,94,57,26.915544363102033,2.313257210584322,-11.409754433643347,0.9456494587021054
2024-04-09,27.108304113701646,26.139586507175487,25.355537443613116,24.718874073328923,23.139015554182382,22.39382261359689,22.00973902627307,21.790952370003357,21.55955591903104,21.39680310708534,21.33457431352389,21.272479947296095,448.7132504314251,81,53,21.024203110636336,7.2845530432778585,-3.64586747447654,1.0234823771420423
2024-04-10,25.58725437330191,25.693570542093166,25.7676508373234,25.81103601929251,25.70637368015479,25.21904630937206,24.42211938904378,23.377582470976833,20.747357825585304,16.01394934388038,12.642596025307608,7.594611632577475,371.42151402768525,81,45,-49.999999976334664,75.44709889463344,84.82250373953978,7.434863634730321
2024-04-12,28.23662300090709,27.279968585417055,26.382017572258757,25.538717452729696,22.64095190732315,20.36213630418729,18.553540050739056,17.10455438875865,14.975314268759774,12.977069377836244,12.109090206530775,11.202324436582137,289.1697589865815,81,52,7.449920860878797,21.80643573004556,0.00617072455519075,2.588323307615141
2024-04-15,26.289862766977766,25.331892248873345,24.48664703601966,23.74681750669181,21.7096185191723,20.873908394053167,20.938308431688252,21.66640060099389,24.416089679861805,30.071392970969125,34.076973096136335,39.786097468421275,748.8174145053816,90,60,83.2583660961365,-55.8900560696017,-99.99999998757771,4.830748072116206
2024-04-16,27.321278594811012,26.850971135188328,25.790741379876728,24.51710967354774,19.954820001722297,17.188237087598317,15.585342771486458,14.588757485810463,13.439931018989183,12.577172623047478,12.241643611094132,11.906114516931295,641.0989332964997,84,61,10.56399813347086,15.948309932505108,23.319520974096314,0.512677815076228
2024-04-17,26.55124948070415,25.06393757317972,23.716036981403064,22.496357865963635,18.70466841038977,16.26676026509446,14.784911941987026,13.971514169712652,13.579899811849153,14.424086742088738,15.282597748566946,16.56215198384518,473.6691359373001,88,56,24.723866647836402,3.466219631394136,-42.614876346330426,3.3510936448291138
2024-04-18,25.961152969927355,25.836748675014388,25.537492827023886,25.113017418994453,22.815896864036134,20.40185243387255,18.316254751824047,16.633121842729743,14.262433907768562,12.232384138910625,11.412919360517938,10.588009583859174,318.5668738206897,83,52,7.282328868901647,18.5650314927203,21.143458069892503,1.2487868080133442
2024-04-19,26.588368720732326,26.648662917758557,25.709422690520967,24.51177478897989,20.768733836570753,18.93123443219586,17.964280921620563,17.380659789719942,16.713247001682202,16.212668570259886,16.017999142377096,15.82332971447078,297.34316554112763,89,61,15.044652002845146,8.78274492836271,23.53879976511607,0.36137399326527647
2024-04-22,27.91882825595704,24.915820861912835,23.82057999429067,23.272075268595533,22.449300647985044,22.17504241494673,22.037913298427572,21.95563582851608,21.861604434331515,21.79108088869309,21.76365506538926,21.73622924208543,438.75684361503636,96,68,21.626525948870103,-3.531089621839708,36.44207758643727,0.05000000000000001
2024-04-23,27.848860377271315,25.634051617432462,24.879694475831652,24.517846685091502,23.98477148568909,23.807475325273668,23.7188274301954,23.665638693212344,23.604851565231748,23.5592612192463,23.541531640251957,23.523802061257616,473.47750098622726,97,70,23.45288374528025,14.05893356845721,-5.346675711250163,0.12210092459332902
2024-04-24,27.205031175968116,26.467853056562504,25.779405351504476,25.13606412743471,22.950861875114636,21.263063244431258,19.945294846737205,18.904975111183678,17.40381578099765,16.02734959231333,15.439268982996552,14.83049290663891,314.6380790465969,95,64,12.335974628941063,15.65890244612061,-0.007591419751852043,2.3952651136790504
2024-04-25,26.460332244891006,26.00909618612814,25.59105228004706,25.20345378153724,23.910611244066875,22.93971151192491,22.200563522022428,21.629927291547464,20.82833672293154,20.117107606030903,19.819851075459372,19.515516107559794,293.13686689487366,99,68,18.281153268206655,8.666621013893119,0.015260795424752636,2.1345708448625142
2024-04-26,27.83265642980868,26.62300310509315,25.674429461652725,24.92354302541904,23.11890090897241,22.265735952488836,21.79968564455319,21.513451961642588,21.184148486581126,20.936849684133325,20.840672441640127,20.744495113467064,271.9454466266613,95,64,20.359785787427516,9.029562998256091,-0.003560418673678566,0.6393350589126312
2024-04-29,29.89155373030178,27.77307393018917,26.219992832447613,25.082294161163237,22.873081683014767,22.255485838571406,22.094351801857634,22.06092194686325,22.068657212799728,22.089454975021056,22.09830656917457,22.107203190354166,350.4863935782301,101,58,22.142807797970264,10.636622106501019,-11.2908761690138,0.816305044729472
2024-04-30,26.13159804718056,27.12021082618707,27.13931632994153,26.63414333893023,23.312998469782656,20.657907968254623,18.963258489082435,17.87040802674788,16.592936328117762,15.630327147143369,15.255900744950152,14.881473224039397,433.2727602631653,95,54,13.383762985470543,10.062381064975524,28.249863292488094,0.586383125258597
2024-05-02,28.52650362758032,27.22917182674354,26.079917673365838,25.065016266039116,22.114201802041855,20.486812040974588,19.735284421719683,19.552024194456965,20.11831768191606,21.790329481474238,22.930504665824692,24.407572747392464,389.397284146704,98,61,32.24903797176372,-2.262094373149489,-38.94215774120918,2.9631272319049105
2024-05-03,29.346267889450512,27.753322900540738,26.30649561853882,24.9963707779459,20.953323621567847,18.47583828634324,17.18029219692792,16.767439805170017,17.711790817935878,21.419886478311884,24.436033010278283,28.94673860426629,343.41717931528837,97,64,64.21185485655221,-33.11652212339591,-99.9999999984146,4.56701499162082
2024-05-06,29.710976295033333,28.32859191026184,27.108548647116294,26.03528677887829,22.94544240163333,21.276810664517484,20.534286008031057,20.382401648341638,21.023332306647553,22.768892945335445,23.927869996818725,25.40514098757648,411.58880876310536,99,46,33.02889192517959,-1.7560929246391483,-39.60940361151605,2.8544333413800196
2024-05-07,27.555820432665872,26.516901411531926,25.5541183048139,24.663797862954247,21.75914007126184,19.758941780110405,18.494631028349435,17.82561904194215,17.825128639373943,19.943486572304966,22.11404639249472,25.821775785533596,439.1640545326728,95,47,70.53895225274121,-41.86423663971099,-99.99999999994749,6.263514475783064
2024-05-08,28.486527235290726,26.58237723837813,25.040302067611798,23.782846990344634,20.587426410571183,18.966237713393827,18.04678804112976,17.472387411644764,16.80634730729198,16.304930059585082,16.10988307985438,15.91483457574556,415.82563640903476,93,51,15.134640176063966,15.718811926483161,0.007414233652551245,0.7441655675604032
2024-05-09,28.76334690082557,27.26936667933978,26.194215078409023,25.405799048310918,23.74315740184643,23.06395511932051,22.713783616209682,22.50272718226319,22.26135757004086,22.080319054686317,22.00991513340552,21.939511211987348,432.80809047256827,97,67,21.657895526308714,9.219287782341224,0.011901772312547024,0.45760465215991164
2024-05-10,30.070653624349315,28.33283604197795,27.02211377729434,26.020954316848957,23.766595610424975,22.782335917226458,22.264238645351796,21.950483366656336,21.591368799955898,21.322009084126115,21.21725874974018,21.112508438087197,309.9237153687798,99,60,20.69350719557369,11.709132658773195,-1.1327337330987444,0.5942493926102584
2024-05-13,27.379419165093942,24.857334009871963,24.43013006393994,24.67976973519174,26.116525205877718,26.823838926261708,27.18645082808937,27.40431007442776,27.65330761343178,27.84005606295457,27.912680460108117,27.985304857261674,467.17591323530945,97,54,28.275802445875886,7.458548899984291,-23.077295715025226,0.27898933767317136
2024-05-14,27.838566966331598,26.395169142958036,25.24440126034955,24.34198570295816,22.52993225033964,22.451488083844545,23.172555392283023,24.20385389602975,26.34300844688113,28.849295604465937,30.026060001294738,31.27874617565295,445.14085319162444,94,46,36.473479665934875,-6.847462556825565,-35.81875598116871,1.830271835454491
2024-05-15,26.01156321081028,25.174430020790282,24.537926724499044,24.06218445445865,23.204195951426865,23.19636083676534,23.47753107298062,23.8216272630354,24.425264005158574,25.012346877680322,25.258786282436127,25.508941246770377,359.68857367831174,93,59,26.514140021816374,0.5842036515146769,-12.198465285725005,1.2983937654595252
2024-05-16,26.462023974217267,25.573034061352363,24.823706231740466,24.2024132800469,22.793566806597973,22.700899178880167,23.502117921373948,24.8895878454754,28.597708352922087,34.74147367260054,38.56522915184851,43.52760956150182,316.95994587289846,90,59,72.58062739263084,-45.077411501544475,-78.85270633006773,3.7638025911874946
2024-05-17,27.13402594104215,26.137569599802685,25.22698072272968,24.396290446897538,21.76625284418917,20.02857306236531,18.95172770755305,18.359898138103006,18.1316450955971,19.013311324545825,19.905484089032058,21.294143301812603,504.3281707887372,91,57,31.63042927904019,-3.407695135829434,-39.84767036067529,4.005901204694798
2024-05-20,28.37737767696802,26.971948350943897,25.94651512348658,25.20492083917234,23.87300895972109,23.661550509218845,23.74728945208214,23.885675129220967,24.115150244232183,24.31493054066859,24.394464683648657,24.474154122297737,359.31013081486213,92,52,24.792996253574294,5.497388461223023,-10.729712799692464,0.9140573161558089
2024-05-21,26.03073312392302,25.61127528037099,25.21399981079385,24.83758700187564,23.516985668751133,22.444219745028217,21.566964500057207,20.84467882694191,19.745851303802517,18.66588371987672,18.180015828635135,17.661488330412038,452.81050386631756,91,56,15.45509198896915,11.018690755389297,0.014015175679748096,3.02101175473762
2024-05-22,25.513186369577923,25.219756510623995,24.741085587689398,24.14986296321217,21.483140254904924,19.158207951274285,17.40985464363593,16.139585052939417,14.520209975110442,13.24255388683241,12.741455203395976,12.239982118773062,219.85754716419592,75,57,10.233874449382348,15.286349011562804,16.635230204891073,0.942674207700939
2024-05-23,24.782457013811406,24.753300063496305,24.529218675793295,24.16995213409507,22.13056878220264,20.026616455979564,18.276773491041762,16.91482607359916,15.071379507860454,13.550822296986933,12.946384459799663,12.340149353453826,362.51722092543633,83,51,9.913684638441204,14.624539904318585,18.277603733979504,1.1062310187500959
2024-05-24,27.74035454161461,26.247758091375836,24.930181993100437,23.76453819917772,20.26372262394112,18.020264618432467,16.526120700892687,15.492210867459644,14.199161467866363,13.1795611017695,12.77837053409803,12.37648658310972,260.5888651631889,86,46,10.768278138441989,18.666591060755245,-0.003754954732488422,1.2925873706481876
2024-05-27,26.694253684625586,24.133204342101763,23.22319622005929,22.767681022391578,22.08439821954724,21.856637270429438,21.742756795870534,21.67442851113519,21.59633904286623,21.53777194166451,21.514995846752733,21.49221975184095,512.6835931470613,91,56,21.40111537219383,7.103627697274303,20.227686196856972,0.05000000000000943
2024-05-28,27.373845458185777,26.23699756418911,25.17720308518409,24.189830825401383,20.88098728641134,18.423931154663578,16.62801058281643,15.343349483364122,13.86268989539312,13.25735063479071,13.401399515685037,13.956291014930393,336.4919031896686,83,53,21.260835684899018,7.331825760987084,-37.365981532945376,4.428989727354396
2024-05-29,28.918612351453806,27.442941084164172,26.12049254944179,24.93336857125099,21.25239477195831,18.77871538627982,17.066863072985782,15.8466967486707,14.276521562286433,13.007426316394518,12.503219586998028,11.996949479612159,313.14420900730687,85,53,9.969265532567885,20.598703283782555,0.02480389987286323,1.4748431258541792
2024-05-30,27.302609726672955,26.32946710228206,25.416078591471948,24.559105215475043,21.631760823412666,19.367228306555674,17.609519186113243,16.23612222622021,14.29066359681507,12.560092288239879,11.83880404375634,11.102504532924755,344.89544085384927,87,49,8.126478131349163,20.212417546307638,5.154756792136168,1.7607299845881041
2024-05-31,26.421505264648815,25.56325205399472,24.74556668873504,23.96967491507278,21.280345305176546,19.1927928030595,17.59246994098927,16.365951956642533,14.679906947441975,13.240003643932262,12.655414714554363,12.065175744013043,276.44825526391645,88,53,9.69609378780393,17.621789765073363,7.112221716299232,1.436903656650732
2024-06-03,27.8481935137563,26.502912108190966,25.301693826710345,24.22718285716217,20.921169224567343,18.725148333873804,17.21985567276244,16.154948153943913,14.794762143027912,13.70281088149175,13.270212071064071,12.836170633249663,272.7837317792674,87,41,11.098298542402777,18.25917202155166,0.009516582133436854,1.426965844346316
2024-06-04,27.6855280708033,26.745175043947928,25.901236593934488,25.142591669378906,22.78289228262256,21.1897103303301,20.082928953262492,19.29162170599035,18.270175814753973,17.442225581571964,17.11287614671021,16.782065067326183,361.7686679185954,96,58,15.456927849030599,13.278059244861705,0.0234182401017434,1.4944161668678149
2024-06-05,26.157125128771316,25.48158692312371,24.857372223292508,24.280094358830716,22.365843352512016,20.94122443286068,19.865343364682378,19.0405518333454,17.891459324367908,16.881779610272435,16.46237364885476,16.034201497832882,299.7852977035728,88,54,14.301566386004115,12.587249154948566,-0.00968364508785247,2.0677943056020447
2024-06-06,26.56523499473572,25.593655811554456,25.420024196731898,25.41275039009232,25.482893434562513,25.51302033052825,25.528114040129168,25.53717037525354,25.547520473168195,25.55528304660544,25.558301825164364,25.561320603723292,278.06295036168535,92,62,25.573395717959002,5.544809907722294,-6.595660355840157,0.17236202721334984
2024-06-07,28.259659376250372,26.93873095551296,25.706841703443054,24.55964450812862,20.737476466886967,17.969870682726633,16.05917935348873,14.841371617527958,13.964286565550058,15.134572535595005,16.82426029923115,19.946123148021137,377.19842436584685,95,67,59.378769982225926,-29.70459235320587,-99.99999999999999,6.006582451974038
2024-06-10,26.03247880967794,25.465583703561535,24.92923020164369,24.422437802542603,22.67223398605725,21.323540748882152,20.325842663235377,19.634223476454164,19.01407069998419,19.517673057084753,20.5192967055502,22.655108076429723,344.49198403347026,97,52,78.84105007196499,-52.21012524567382,-99.99995021861882,9.720250104578245
2024-06-11,27.07216764554729,26.43176262260102,25.841318702008035,25.2986951428376,23.566358300353627,22.447727381801286,21.84006493061969,21.655550100253368,22.26723442709877,24.81404778464382,27.13585640991082,31.036053191226507,363.43433223044144,94,48,85.28438561686116,-57.51962727172503,-99.99999976539115,7.3807371667521595
2024-06-12,26.586044427911755,25.91235431496759,25.36577069041594,24.93010997789057,24.034208949932257,24.02640541956538,24.489788799643964,25.177228729465327,26.716442073907224,28.72743047477513,29.754233002625828,30.90337867450868,327.91118069327655,90,65,35.936130763681746,-8.531005970997803,-24.896302456106543,2.276888770356572
2024-06-13,27.359228584429353,26.21924936254967,25.22644105638414,24.37000926769045,22.115784394221524,21.34508665090299,21.63926377108415,22.681253148424677,26.11387826820877,32.58617066515667,36.91822728470211,42.82570679699613,528.5280490291857,92,60,81.90236198860302,-53.24444232110483,-99.99999997871542,4.22869949471116
2024-06-14,25.35696618492969,24.225930775783368,23.41525886706616,22.862029108243703,22.3205530505437,23.107046194341173,24.28259589854771,25.464551039416083,27.41121101074785,29.284084718508733,30.07564892057231,30.88247600230848,552.290343256045,94,56,34.1321959390336,-7.247328064722082,-27.154712702308164,1.4172807472759372
2024-06-18,26.953319819659235,26.046716249734054,25.18447816431091,24.365063191369348,21.486471960871253,19.1817987187153,17.373502305118805,15.993545204040522,14.287432388476201,13.67212903173423,14.146038758313065,15.681071314694883,360.8534214266679,93,59,61.20593210947596,-33.300050280846364,-99.9999999982091,8.541768602543009
2024-06-19,25.21394428157004,25.510248864839625,25.649775764136713,25.66154203673991,24.865519535635737,23.40656464101125,21.798940609484205,20.27199063598165,17.739946948303864,15.18642484215184,14.063223382417636,12.896522052809217,290.5747280259021,91,59,8.13688863861926,16.589623777560554,24.818446096525115,1.725970546428222
2024-06-20,27.251960801705916,26.561784329745315,25.89942633774946,25.264109532937727,22.978390432948736,21.068090686096433,19.492184047453865,18.21369937364375,16.419114669345866,15.226892171456527,15.17587987119423,15.87961743039493,318.93006529339647,89,59,64.94689168515293,-36.97613836607017,-99.9998997338225,10.74212657147184
2024-06-21,26.63841230960711,25.83036098309867,25.081800023833186,24.387875841598316,22.075239918722644,20.342431953476527,19.027311713760966,18.015596194973618,16.60185240045852,15.357159615690323,14.840020388679923,14.312252526568432,258.40942986244283,84,46,12.177933351540023,15.3333276270523,1.621860234348915,1.8893852993188933
2024-06-24,26.419239647726105,25.432353854313728,24.534156572205458,23.715681355061257,21.09132064517214,19.236147592209317,17.89653629253675,16.908064699109524,15.58909813015168,14.484312832312282,14.03784575778854,13.587122286148139,279.64368708647066,86,50,11.777079102741148,15.727791095006882,0.0010117480978840722,1.7264649836704788
2024-06-25,25.572178345822397,25.577864631923102,25.2552329835657,24.736343742259756,22.0925265020134,19.802146590930676,18.160289597665173,17.016990496278098,15.613046389234174,14.532031762667676,14.110379377332865,13.688661385949162,337.9811564892864,91,49,12.00176509637498,13.0440417585027,18.611202463124183,0.7993445358830539
2024-06-26,26.278939532859784,25.996880782605643,25.520570379222477,24.92508238098994,22.206749115846762,19.816062185677637,18.009751920959314,16.69347967962414,15.011535600783594,13.682493330014672,13.161044278605635,12.639180647784375,287.1564916764173,90,47,10.55148382596678,15.711102365469813,17.300592633098585,0.9486181126745353
2024-06-27,25.248432316142356,25.254439829400958,25.02485729800225,24.635208168173193,22.397374918306202,20.131406662078312,18.29148129136663,16.888758795993812,15.02927213306512,13.522067046016225,12.926539618866387,12.329919345249504,302.4152672948211,94,65,9.942640269530399,14.963303980718687,19.546999680602763,1.037642552090007
2024-06-28,27.63450807457162,25.47665670454892,24.872467912196072,24.59489141165229,24.186770967495622,24.050933613060586,23.983014957319313,23.942263763876316,23.89569097137003,23.860761376990318,23.847177645842653,23.83359391469499,369.3872347116829,98,60,23.779258990104324,17.651619696316946,-9.825129770413922,0.1041365767510283
2024-07-01,26.50175281107353,25.104973480725324,24.793958103212017,24.659591712350885,24.46346329025915,24.39819109677862,24.365555004927423,24.345973349816887,24.323594315404844,24.306810039595813,24.300282821225636,24.29375560285546,305.2562583395029,100,58,24.267646729374743,14.599256498010389,-10.53047697240218,0.09625321297107568
2024-07-02,26.551271568792625,25.91353826721302,25.265541600714123,24.61859742341385,22.179876512369685,20.125979395366645,18.483507488696794,17.195708468862833,15.398573289070757,13.851980698853549,13.223486785679615,12.589112045256567,322.8169690701776,94,46,10.043697011336885,17.12018963830286,10.565511619692414,1.3792298351136203
2024-07-03,24.16768155995161,25.05473939694696,25.32183663986395,25.18891369018482,23.052629418286806,20.698871293801567,18.9137995518576,17.646960452636563,16.079051598885048,14.868930183717568,14.396834678793404,13.924664460324236,384.1876351059032,94,50,12.03595684972939,10.308581680928915,25.62330130693723,0.7884534307455873
2024-07-04,25.00313874490002,24.964859116967286,24.75393131100427,24.425360791090608,22.612063152808847,20.788878290151125,19.300930312578103,18.159335769402535,16.6351960479265,15.392105934600291,14.899882134213719,14.406562129020873,482.54930839160625,89,46,12.432430523967065,12.363295460182348,15.432669836916803,1.0653407492904445
2024-07-05,25.18495253110743,25.124663941662096,24.859832019803974,24.463808319223652,22.413722939063394,20.502517583795346,19.03372938660196,17.956924576919988,16.577617322418313,15.487146128886534,15.059332588565972,14.631190473796645,367.8129577557807,95,51,12.918434453975603,12.02098945436036,15.334344514736694,0.9391722262975293
2024-07-08,24.970946643627705,24.895738195972676,24.741307868702506,24.525928248680486,23.316642864669653,21.935627278276264,20.63786720848512,19.509228322607363,17.77718434319752,16.151961581134046,15.46383470831378,14.759794203016273,483.30922395251923,97,57,11.915383161039687,13.029369656834657,14.104281770087496,1.5731218061378835
2024-07-09,25.17165757959952,25.594840248966957,25.55023156549715,25.22876475594379,23.082456436949865,21.172143774712435,19.846902301418346,18.95060209292761,17.87446012473917,17.055477696982777,16.736611408924364,16.417733073572876,364.05329911179433,94,49,15.142216667751127,8.849675745040889,18.346353067332394,0.7035125010760486
2024-07-10,24.62229829432138,25.396973547675483,25.548365849509636,25.32648867233591,23.192624036886208,21.17453683520218,19.76874121661985,18.820300536804506,17.684802464821104,16.82196024923027,16.486086384468848,16.150203199787352,312.38833811955215,96,51,14.806668292322813,8.037508434265652,21.44127017354433,0.6836451394813952
2024-07-11,26.64075976674697,25.996508906944783,25.38248866328584,24.797778622995992,22.73450208943855,21.07284891871972,19.764976328939817,18.768132939593208,17.558929810562862,17.248354902144335,17.760085243089915,19.243305816255827,320.1272060364147,96,44,71.79165098811862,-44.47546340367854,-99.99998636496808,10.03931752929587
2024-07-12,27.107922353676148,25.64958765210339,24.849844541809794,24.374091685888185,23.596701747257725,23.331959186349057,23.19954231914095,23.12009180386513,23.02929120883514,22.961190762527146,22.934707255629593,22.908223748732038,307.6100734990409,98,53,22.802289721141822,7.19101252868497,-0.001179707698851026,0.22100797799013389
2024-07-15,28.486392718637262,25.93839171923078,24.936492567302526,24.433573672209114,23.686235573982238,23.437688929220972,23.313416593211404,23.238853192698148,23.15363787782769,23.08972639167485,23.064871924837632,23.040017458000413,258.49157333942264,97,49,22.94059959065155,14.056911114442846,-3.506924895010069,0.14135260266843813
2024-07-16,27.212868360362734,26.15239585685327,25.236143926471662,24.442047385690394,22.159819646959118,20.788231574610247,19.91850596329077,19.337594753208982,18.63301214954967,18.089856143249172,17.877612575102713,17.665266652469807,337.1030416000503,92,46,16.81581329627243,11.628156801305977,0.00029169274163597965,1.0957450437239675
2024-07-17,27.315309253229575,25.72541895195722,24.96285650406162,24.543292738735648,23.893930712387874,23.676472733641127,23.56774199803693,23.5025035534347,23.42794533102141,23.372026664211425,23.350280516007544,23.328534367803663,312.57829286859396,94,47,23.241549774988133,7.915454797604034,0.004627167516801617,0.1647418420641324
2024-07-18,27.564034146547524,26.24973641437605,25.276872808730545,24.545656648134752,22.940634051172328,22.257159661841403,21.899972407779945,21.683945074521574,21.436693171821858,21.25122193061802,21.179093989234563,21.10696604674323,287.07050472362306,92,49,20.818454276704653,8.547447494181379,-0.003265029724820902,0.5065056333455202
2024-07-19,28.00678415110311,25.93042559023923,24.75316472529856,24.03701183124102,22.843447878893993,22.433587661951087,22.22852169986504,22.105480482825993,21.96486191345651,21.859397986140905,21.818384236629257,21.777370487117608,245.51782439761607,93,50,21.613315489071013,10.32036165552478,-0.003579295870652484,0.23852640144106224
2024-07-22,28.615476280349846,27.040752092494557,25.729342396650658,24.640293778347974,21.887327047482433,20.695083919409466,20.2681890663342,20.202204983226604,20.446582678780327,20.91147000236968,21.147006761988138,21.399366702129065,281.6815402136764,103,62,22.44026736792255,8.061500146048632,-17.963277815498984,1.5789947680004726
2024-07-23,26.227157639490322,25.4298732060849,25.162729005602902,25.029553283863635,24.829848708966367,24.763281058206463,24.729997232827817,24.710026937600627,24.68720374305527,24.67008634714625,24.663429582070524,24.656772816994792,265.2080122280654,91,45,24.630145756691874,6.970650188574297,-1.5797582581369414,0.07408902083321153
2024-07-24,25.367273517959834,25.126952621391908,24.8792978575953,24.62593312671457,23.581959525578473,22.536630547802222,21.531733786051003,20.590333411532995,18.93396736949969,17.004610641795892,16.029437796345704,14.915051378434285,314.86866645913653,98,52,9.713549740344755,15.884890473589287,10.406020971354216,3.0312903444553254
2024-07-25,27.823791739763386,26.63378272121207,25.640650096605313,24.807751003876394,22.570824282197705,21.348687281612197,20.623431766245588,20.159090497663883,19.612963273793493,19.19935194856461,19.038334574942333,18.87730828533728,354.81829294412256,100,50,18.233199599354553,11.023308742424403,0.008067774528666645,0.8758318267659019
2024-07-26,26.16908609997177,25.033244721207627,24.677294392083216,24.506969200371636,24.254219571443098,24.170038359830567,24.127947761301,24.102693402183846,24.07383127747853,24.052184683949537,24.04376656424382,24.035348444538105,314.06898074235255,102,53,24.001675965715233,8.522163663874766,-3.655665570119699,0.10378863252637967
2024-07-29,26.824974967296285,25.544243428924837,25.064785490049687,24.834234559704633,24.50163266998046,24.391775589335953,24.33684965688247,24.303894102259246,24.26623061127526,24.23798299303729,24.226997808166963,24.216012623296646,346.88280353002506,102,48,24.172071883815352,7.014725031529103,-2.7203510869003376,0.15348246350175446
2024-07-30,27.15263311091117,26.343282551789823,25.64251395936078,25.033939183788526,23.277386382525147,22.21517896067092,21.538542172955065,21.08516702373338,20.533854722392643,20.10811966879972,19.941684077709837,19.775157211792628,347.65838660201905,100,46,19.10898546313952,8.981141789113305,-0.017693106763637466,1.1148153496846702
2024-07-31,26.871242482943348,26.40230937463496,25.952622079454393,25.521291999830638,23.96325722224152,22.638336275690286,21.50729141374234,20.537929570947217,18.983054704628714,17.336318533638707,16.54820854703564,15.670200001007897,417.2124893167287,96,50,11.637194696117918,15.723161437595618,0.0733881778846179,3.916143857125523
2024-08-01,26.364380658880812,24.983997824315075,24.497165149293632,24.253510240471076,23.888023235397615,23.766194226846505,23.70527972257095,23.668731020005616,23.626961074216663,23.59563361487495,23.58345071401984,23.571267813164727,378.2867364094824,97,45,23.52253620974428,5.3658169001078955,9.253664126025477,0.05000000000000001
2024-08-02,27.45158285008024,26.499013746215656,25.784861753422256,25.24199467947644,24.027504342506482,23.499471782717517,23.221395128822294,23.052837534123068,22.859799908715065,22.714981933363887,22.65866348031806,22.60234502511008,304.3396707936564,94,41,22.37707120410518,6.362134877991744,-0.0025957024708392167,0.5313446810866609
2024-08-06,27.77839389188904,25.999708694834556,25.43691528725969,25.1589008972384,24.74238307165682,24.60354905150543,24.534132041454438,24.492481835423845,24.44488159996031,24.409181423362657,24.39529802135246,24.381414619342266,496.50280562439457,93,44,24.325881011301473,16.867652810669043,-6.249263436124096,0.07844919707020642
2024-08-07,25.85816375863302,25.08942483595707,25.10207147129225,25.119531366317254,25.14665318325995,25.155699622822667,25.16022284260862,25.162936774480187,25.16603841090484,25.16836463822333,25.16926928218052,25.17017392613771,438.07998725976125,92,57,25.17379250196647,32.485239181500425,-33.27008094897462,0.06915870138524041
2024-08-08,25.180157805123336,24.950483650113025,24.73859685368529,24.543985148845362,23.92847711696156,23.551533448050858,23.38592957935699,23.407047108020418,23.92262039954267,25.60641744603041,27.1631985577728,29.92251293222063,193.99793632806558,83,59,101.31807783942816,-75.88993340784378,-99.99991597153323,11.71200877713312
2024-08-09,25.232445751505008,25.76329711233171,25.96593594270732,25.94250737296537,24.797988610323138,23.322070685503387,22.0957411287398,21.17115191685742,19.971476551356957,19.018789094550787,18.644885077093736,18.270696719820506,290.9634386310242,101,60,16.773788702197354,7.460175420722491,16.95479481729482,0.9196670274172428
2024-08-12,26.466615588581377,26.193183978473474,25.928172490207327,25.671289427229887,24.719576151199117,23.877217297769253,23.130077369079583,22.46596984345225,21.346212668416612,20.0688066304329,19.415617268644006,18.649140085881687,352.69842191565954,103,61,14.627789852720657,12.12098037498404,0.05679375644878329,5.261402728309371
2024-08-13,24.634926452903585,24.905420207536682,25.10062695046461,25.199420266169295,25.347637524287528,25.397043323564993,25.421746223203726,25.436567962986967,25.45350709416781,25.466211442553448,25.471152022481192,25.47609260240894,485.0030825341387,93,56,25.495854922119925,35.75688744442261,-41.54255232608922,0.051236081198571155
2024-08-14,24.577898665299774,24.413991627671916,24.256542289145976,24.105722782778752,23.56889466451894,23.131921706044047,22.780630005242585,22.499306673486373,22.09160340518863,21.721571967373425,21.56594630848788,21.4066214077531,358.22907666565504,97,61,20.76169674758395,3.986262265526304,1.5791216254558813,1.73929892889496
2024-08-15,25.781645460154813,25.104505114438908,24.50128516587999,23.967962818982457,22.459696351271624,21.794151138694502,21.792344440240434,22.307679842269806,24.43312287479144,29.153850968132808,32.708929748199104,38.05723924076379,272.50444539318244,89,52,89.03442511528077,-62.49749626243119,-99.99999999996338,5.890586537597148
2024-08-16,26.119897100764895,25.03634942803245,24.03359040937758,23.10665544909134,20.067596174509504,17.91290454283076,16.438660701132815,15.484877464283835,14.665158505620665,14.986419106687386,15.681470545836376,16.95342080814649,298.6781820331881,91,63,28.959615745858407,-1.670112914535012,-45.4178059918499,4.502751795844384
2024-08-19,28.255024727367413,25.799704317277904,23.95578263419108,22.551984909371935,19.403302403606517,18.030385318624372,17.306568565889943,16.867674682111122,16.364990510095573,15.987867411520407,15.841207431584463,15.694547445289418,290.7206620170509,91,47,15.10790749958749,16.459822700397638,0.004387701072926182,0.5344683389583448
2024-08-20,26.699126559674113,25.211072035820465,24.744899239786175,24.51247761963279,24.163871494319615,24.04766952792976,23.989568544734837,23.95470795481788,23.914867280627075,23.884986774983968,23.873366578344985,23.861746381706,409.9221828250132,88,40,23.81526559515006,22.758139411435064,-10.497979339657855,0.05686808281925119
2024-08-21,27.154448703928548,25.47192844091856,25.01013987496858,24.983696879448313,25.461012443708654,25.73707452484006,25.87998584963075,25.965899919768603,26.0640967566021,26.137744569926813,26.166385386300004,26.195026202673198,328.6415842252655,94,63,26.309589468165985,5.750622373502203,-11.837153921883566,0.28233633042595174
2024-08-22,26.530322414266575,25.888281539146977,25.908622741523914,25.92972370719774,25.962407430330703,25.97330930776613,25.978760246493014,25.982030809729146,25.98576859628472,25.988571936201403,25.98966212394678,25.990752311692155,280.6977316100874,93,70,25.995113062673664,25.158933145452284,-26.074170996519236,0.07146914285324052
2024-08-23,25.37934607585484,25.35467693404303,25.508535251931168,25.60273112874002,25.747970899085743,25.79645358132969,25.820694925017705,25.835239731230594,25.851862366902463,25.864329343656365,25.869177612393994,25.874025881131622,250.02809589011883,92,54,25.893418956082137,4.933025765737269,-8.014624082849929,0.09439780734637603
2024-08-26,28.206822011614864,27.18080832076655,26.35876021321469,25.7088447598583,24.34288019280536,24.1510465356225,24.49262029528868,25.040868220416403,26.204137412650308,27.558224960283553,28.18608457321995,28.849124683063582,259.35273976031516,94,70,31.578563982370866,-2.1045375899027543,-21.5465738830844,1.7337561835854494
2024-08-27,27.79706815934524,27.315408038343357,26.870225751581177,26.460138077495717,25.14464052778852,24.291310749461616,23.831324565156027,23.7046623411764,24.248998792426484,26.46284301688652,28.520318730493834,32.06297323046272,338.32789053607263,99,66,91.65277625283774,-63.33613968528663,-99.99999525967179,8.502568325996535
2024-08-28,28.153003314658168,27.025393575302537,26.125032673475477,25.415080555682028,23.921969234941002,23.685074988532385,24.001181163646965,24.52311911294842,25.620349461235644,26.869904909818967,27.43960455589578,28.03611083668775,275.0778243702938,92,46,30.475528661297467,-0.9242599843774651,-21.331918972274803,1.645859496868311
2024-08-29,28.2203920760471,26.820651172919078,26.364760659859854,26.13695521823688,25.795250117419286,25.681348421941333,25.62439757420236,25.590227065558974,25.55117505568082,25.521886048272204,25.51049587872441,25.499105709176614,299.194775670461,75,51,25.45354503098543,21.33010398745928,-7.66190053012587,0.05000000000007603
2024-08-30,26.70532901693665,26.356755796056152,26.0378016411144,25.74739938938565,24.85110217989802,24.33445720688676,24.1434953046642,24.230730344919614,25.077951876594085,27.54589152536073,29.699762973006766,33.34104096072933,263.76546743876276,93,52,98.05146978817511,-70.96684729689981,-99.99799619316393,9.186389310709119
2024-09-02,25.961110828288753,25.557507313379023,25.218490081413222,24.937077593816337,24.270481278936288,24.120379946920636,24.279123872901316,24.612155361510993,25.489689738323165,26.803930257112317,27.537605009451312,28.406135751768385,323.8616019196822,95,52,32.525640977379304,-6.088603622468266,-17.226556820121253,2.7040634488837325
2024-09-03,26.902115130813186,25.433390416402055,24.869567675057354,24.583433719726052,24.153554072777712,24.010251381998202,23.93860003637351,23.89560922899869,23.84647687771318,23.809627614249045,23.79529734512411,23.78096707599917,331.87966747151086,94,46,23.723645999499404,8.87080905288413,-0.006079738305366209,0.09699293875588415
2024-09-04,26.641493571610926,25.62642281248614,24.704663130069473,23.86656462921098,21.192572403577426,19.316499418552336,17.970484202943283,16.98258111310783,15.671974220138512,14.580746200508637,14.141116390872309,13.697773824001409,232.30524338942647,88,57,11.918430973986643,15.842297578693767,0.002837946853252298,1.6846668987077218
2024-09-05,26.907425395578827,25.760713887339406,25.173053684435974,24.928420837992686,25.27819014980004,25.96078799014088,26.462555200650538,26.801015408448553,27.203468743692813,27.508091664311213,27.626614139717397,27.74513767139297,282.4666960422305,89,52,28.219231972386133,0.7296514650492745,-12.28251074683021,0.6155545000976973
2024-09-06,26.547561975845568,25.588944554535676,24.89987937290961,24.420140317906494,23.780107869213197,24.0685604755544,24.589152112068756,25.102602148852405,25.90026550437072,26.61333740381552,26.90321774474682,27.195106428520585,279.28821259665506,95,47,28.364605107453077,-0.5128792210615056,-14.551942292824,1.1645063678165752
2024-09-09,24.92756344727135,25.09901823601992,25.204762093633803,25.25812124854552,25.33816986986727,25.364852758579215,25.378194202935187,25.386199069548773,25.395347488535727,25.40220880277594,25.404877091647133,25.407545380518332,243.816131928753,94,56,25.41821853600311,18.380195662341425,-21.58214230777379,0.050000000000021354
2024-09-10,28.041047078958616,26.329157415053416,25.97437955992252,25.955579794235973,26.138617913253167,26.22314334472787,26.265622479984646,26.29111157207456,26.320241982194457,26.342089789863547,26.350586159512638,26.35908252916173,269.58120928695445,96,61,26.393068007758096,8.49273790685025,-11.081017372884464,0.1969579350434603
2024-09-11,26.40672483140872,24.4017413217354,24.338516327833826,24.643527127495354,25.52482448593961,25.864916258873627,26.0353876534257,26.137673702875336,26.254572084031274,26.342245870062392,26.37634123129672,26.410436592531042,290.2578677963684,95,65,26.546818037468352,9.93336000504215,-20.27311280379739,0.19785015308159867
2024-09-12,25.573956346423248,25.251968050797032,24.968777176819767,24.721593381428725,24.04315095374905,23.759742774635477,23.762379552945987,23.9681586353382,24.75379867075793,26.323634421200033,27.398018883876432,28.879879566687404,352.6942287326799,100,52,38.88386964730462,-12.946146949017482,-26.112451735773703,4.267027770414454
2024-09-13,27.835198631137935,25.446518254868874,24.76004944886417,24.772460156473045,25.96886617352275,26.734857068386557,27.145642412546582,27.39386335176059,27.67772697284302,27.89063168414571,27.97342797109754,28.056224258053394,347.42542329715525,96,69,28.387409405876856,5.745288977308861,-20.284596694548448,0.3416790753703864
2024-09-16,27.057465978978104,25.7544936372335,24.562375730755235,23.474740173995947,20.052859897335537,17.87264738416576,16.660532103089725,16.19673186714897,16.845123099874307,20.046444048564638,22.82431350152848,27.173184349650793,279.99048273470504,92,71,66.870495454247,-38.39248102763694,-99.9999999999985,5.197479703193182
2024-09-17,28.022471501624526,25.818680697924105,25.04844961453551,24.662685864031104,24.084008213338702,23.89111552960382,23.794669187736343,23.736801382615855,23.670666748192446,23.621065772374887,23.601776504001393,23.582487235627895,377.22247561609345,99,61,23.505330162133916,17.217591941487665,-0.0005187516937661396,0.06722141967171165
2024-09-18,24.761936817055954,24.869463424349767,25.134080746294497,25.286102591307614,25.517761054020337,25.595031599650618,25.633666873316017,25.656848037515264,25.68334079660012,25.703210365913762,25.710937420646847,25.718664475379928,278.45403066204966,95,67,25.74957269431226,7.8172954146154785,-13.098507938196626,0.08778728027225892
2024-09-19,26.07245478535298,25.224467194835153,24.643821812163132,24.259226257545883,23.800535732564178,24.00333952852435,24.311503949931648,24.583897615340454,24.96504252417084,25.277745764837285,25.401144665488946,25.524697085621717,239.23277831083345,91,61,26.0189917093188,1.264014972092476,-9.299483483266728,0.9227131110254861
2024-09-20,26.987805336300184,26.268325056009534,26.062835351844914,25.970714216097193,25.837290764392076,25.792972203916523,25.77081296596521,25.757517423203304,25.7423225171897,25.730926337679495,25.726494490092193,25.72206264250489,363.4080749682388,95,66,25.704335252155687,5.2866808888159325,-2.982270159011696,0.11539212684566388
2024-09-24,27.709655827312055,25.574150144328623,24.961544271559163,24.775504665217554,24.66251476676125,24.643027673325072,24.633437467468223,24.62768437096077,24.62110941445899,24.61617819712299,24.61426050149233,24.61234280586167,224.2028328804813,97,62,24.604672023339013,10.742901834844673,-10.145486798960775,0.19259933367690216
2024-09-25,25.106986778545515,25.156012349434707,25.15562758871547,25.12805995163511,24.947513012961874,24.80034761837649,24.704991370712417,24.64300496182693,24.57025889541779,24.515375185173017,24.494025164443517,24.472675036492593,295.58420323640615,97,51,24.38727450791203,0.5855188969435999,1.5249799280668914,0.6069692690537802
2024-09-26,24.972814101108426,24.950587075306036,24.927769372207905,24.904469303508993,24.808278763132083,24.71074861564202,24.615155545791925,24.523559625766534,24.356588034623687,24.150621550815366,24.04083429868936,23.909948775778194,429.268347198645,98,56,23.238465268407744,1.7558660502501613,1.143036336925264,3.627118343695857
2024-09-27,24.951447751967056,25.210487322499556,25.4109092247008,25.560261005053352,25.769711503922196,25.577353424851804,25.179323860883116,24.6920025482847,23.687134239270442,22.42411358684131,21.78506836490268,21.070047338962077,383.8461095354401,98,67,17.925702040299466,6.6995765745900355,13.528782302775186,2.352722936153988
2024-09-30,25.984519812656618,26.006241556457,25.998967417723165,25.96626292655412,25.640674780738948,25.113570493972944,24.488347776515422,23.830108693327503,22.55640126397596,20.95608143813413,20.119369891048077,19.151298408892576,294.75103715027814,93,47,14.613961273084822,11.315883482337526,12.97586959153866,2.8590220512797635
2024-10-01,26.759488305618586,26.72394241921694,26.65578108412911,26.55981848414047,25.975991126278505,25.210302558440755,24.384350701430595,23.567468641913106,22.089146492018187,20.374367266710646,19.529719754100007,18.59033723671199,348.1047421344827,89,51,14.449439816396255,12.307543387251696,12.778027236409757,2.5012799926450273
2024-10-02,25.41563084371913,25.454241524114853,25.472147867606633,25.471333967136246,25.315319687068502,24.98232653507224,24.540894583684135,24.039296246575958,22.97885384424393,21.483524251585234,20.624339780707622,19.55717076133807,285.60310134822157,91,51,13.749561460639372,11.604601500993226,13.740491457009293,3.6246284120822216
2024-10-03,25.12654748519699,25.237955046143362,25.32300172008346,25.38386043052072,25.423769045058783,25.214970913343954,24.838336631079425,24.353534287620413,23.221818164210127,21.468806816635002,20.396398115451667,19.00443549122664,279.3812475502318,96,50,10.604396752626355,14.382047018267276,19.398375531057262,4.038312408867096
2024-10-04,25.627289070862588,25.78335891810413,25.859315330187812,25.89753188368846,25.954861540388986,25.9739714332381,25.983526379662653,25.98925934751739,25.99581131077994,26.000725283226853,26.002636272511765,26.004547261796677,296.0927327149681,97,57,26.01219121893632,8.191461317070745,-10.484648458962905,0.05000000000002452
2024-10-07,25.552935831730473,25.33976661931622,25.29098886511542,25.26682999549239,25.230596404832237,25.21851854843383,25.21247962023463,25.208856263315113,25.204715283978516,25.20160954947607,25.200401763836233,25.19919397819639,321.04186463613627,103,56,25.19436283563703,11.93585468189536,-10.486511914087133,0.05000000000000005
2024-10-08,26.28359875224099,26.203075738716635,26.117213141892226,26.026471611421673,25.623000706975333,25.17177914045898,24.691344335786024,24.195944935336268,23.200850184512998,21.789540934579854,20.93929619883011,19.81817357789044,294.12460199688854,101,51,11.994451073245118,14.363841533045225,11.362594005068006,5.2389840176722515
2024-10-09,25.16605730228472,25.0071814931093,24.84500406214727,24.68042071920044,24.012590070845775,23.35525174435706,22.730527794707843,22.15005681135918,21.13731939857394,19.968258318374087,19.38080318226809,18.71177920455316,338.1414018804983,98,59,15.60453718368129,9.716086585188465,6.0449765603335015,3.018099598990218
2024-10-10,25.511364539378462,25.33539791411633,25.16784006459814,25.008238939640094,24.4412360805702,23.97150687478149,23.580277287818973,23.252638277241967,22.743030583107455,22.226559021032607,21.988385434113074,21.72998937644529,397.64304017734145,96,53,20.60153482926576,5.094684734358351,0.003074731926558917,3.359178488224136
2024-10-11,23.061483091521023,23.680869743825177,24.19135507790462,24.604777011070627,25.486477061602788,25.503752341653936,25.010387411647677,24.235933142178634,22.374549785911373,19.698608759288877,18.22215862008212,16.478735164179195,613.6532084773602,95,58,8.194743141020298,14.125345109297626,31.918173510858512,2.7556366256826985
2024-10-14,26.096236336105807,24.92777794201097,24.958754430266996,25.111935085508527,25.440459990856834,25.555730962135776,25.61337660129786,25.647963999327526,25.68749245425175,25.717138795444946,25.728667928131188,25.740197060817426,371.7533607049691,101,50,25.786313591562397,9.106511040035002,-13.75761137293612,0.1487278088329354
2024-10-15,26.75540972316948,25.985252732385867,25.44750854490116,25.065524444932247,24.312670790830605,24.034198142604442,23.897340401561912,23.81618048336737,23.72381443713104,23.654596692906992,23.627679453348716,23.60076222086206,415.209850671368,91,43,23.493093291608236,4.382519712467884,-1.3336483226987719,0.5297153380157485
2024-10-16,24.98029128723937,25.186632086609507,25.333966962455595,25.429544826996025,25.41401248992399,24.980149524497957,24.32915066133753,23.585003062410784,22.082280058296753,20.17235890692618,19.18369888647353,18.055574046521098,254.1463687318279,91,52,12.930732187443784,11.77611298599011,18.220650436354816,2.5991941069722304
2024-10-17,25.23030329453316,25.735383696602703,25.6870048820022,25.47588553929757,24.726032592122436,24.375616875115767,24.195662980282187,24.08750059513355,23.963873910943924,23.871153600040966,23.835095701175582,23.79903780231018,336.62211673881075,94,49,23.654806206848573,-0.4892296602650745,7.776601794899085,0.2968798480376746
2024-10-18,27.159593142956005,26.967342536492843,26.246239913814552,25.653957362829484,24.550537354195765,24.165193696051446,23.972439672801237,23.8567869356688,23.72461237689925,23.625481457817575,23.586930544841373,23.548379631865163,318.2970321510431,98,49,23.39417597996034,-0.36091368424718845,13.534537342072587,0.1755822724750718
2024-10-21,25.03901088761136,24.71247087206777,24.631548551031212,24.59137703215346,24.5311256987313,24.511041929954345,24.501000045565867,24.49497491493278,24.488089051352105,24.482924653666604,24.480916276788907,24.47890789991121,272.3346717124831,88,54,24.47087439240043,15.674301058092297,-13.264248804876663,0.05000000000040152
2024-10-22,26.55450863329925,25.385616676015616,24.912954861137113,24.669988791194665,24.304004339500665,24.181978077927223,24.120964944102152,24.0843570638068,24.042519486326395,24.01114130321609,23.99893867645097,23.986736049685852,379.71439139251197,96,56,23.937925542625376,6.557569822632343,0.013246889275575222,0.11142566259385404
2024-10-23,24.944660648767105,24.760388435418335,24.58484184988764,24.417850115159922,23.832115490524032,23.37032261700753,23.022843501039176,22.780685814409722,22.57930914766852,22.874702477874706,23.39552424011522,24.555597622075656,299.2715068078933,77,51,98.13578310599382,-72.9979509274185,-99.99999783810192,17.074357101051472
2024-10-24,25.529294145091814,25.647255553782784,25.356947744328803,24.958019100869418,23.702703014719862,23.096491348458994,22.779705713875266,22.588767438926723,22.370459982379437,22.206725754829513,22.14305132731608,22.07937689980022,221.6273720107905,76,49,21.82467918973675,2.472395640102817,8.580151055520899,0.3456638326137815
2024-10-25,26.092410589522277,26.102598109590176,25.75727431323973,25.30855384080881,23.83918098576844,23.08189960580571,22.677005470554423,22.43180339766437,22.15123890965613,21.940796940200276,21.858958341734635,21.777119743209077,282.3907014491338,81,40,21.449765349105462,3.7296717713747594,8.923631685155547,0.38806592510986093
2024-10-28,26.001834427806624,25.64042909208665,25.304990391436707,24.994632052103473,23.987180223552688,23.316636622782262,22.937712739591134,22.81032807017107,23.172565698701646,24.841864647605423,26.453312382566548,29.305889377467796,265.64683445206396,91,59,86.61749800942698,-60.227378331439176,-90.92213952607406,9.54352345124861
2024-10-29,27.72870715768581,26.596590796301598,25.725090439833778,25.05366314253424,23.587876131643725,23.057873989758527,22.85796969604342,22.776723528118197,22.71983000767444,22.69244365470212,22.682909992933077,22.673479809380094,269.3715037951426,88,52,22.635819459219498,6.564584286110074,-5.960789778724313,0.9355758801109662
2024-10-30,26.879538162278823,25.97860016017705,25.393383800154552,24.999418704627068,24.264723314013967,23.995028410331205,23.85923946409595,23.777727966182525,23.684569141204154,23.61469994150538,23.587528585989816,23.56035723047424,343.4047888137833,88,51,23.451671808411923,4.863594128023217,0.006151664095885912,0.3347775018509329
2024-10-31,25.312826239322945,26.1365725400919,25.99476406590607,25.567387294654292,24.074913289719113,23.370466433266955,23.007487010104068,22.789223563735533,22.53974485483988,22.35263490307033,22.279869921141604,22.207104939212776,365.0851789037287,80,45,21.916045011497474,-0.10566337709023575,14.36611778286724,0.3061542634967445
2024-11-01,25.841928215298477,25.591078906860453,25.34842659376994,25.11382860204534,24.25320202517547,23.51058450194603,22.877839934477365,22.347321722571735,21.56465939710877,20.991367462995033,20.944296523795096,21.28078727517842,277.5558287427745,89,51,87.19262947109206,-61.091510065383005,-99.99993883707218,18.4637461757148
2024-11-04,25.476535574339348,24.8765849378456,24.81303567351558,24.786837211639103,24.747995852267096,24.73505151915751,24.7285793526047,24.724696052673018,24.720257995608236,24.71692945280965,24.71563501949909,24.714340586188527,227.23195723623942,84,54,24.70916285294628,18.84799430869951,-17.717008303482352,0.06867105187457462
2024-11-05,26.392064888718476,26.12695020196325,25.87459143788023,25.63469843675279,24.794179000812388,24.131343370385796,23.630196431204052,23.27598048495613,22.954961974042305,23.26810021647702,23.89181215994424,25.289958988946793,275.0583441657187,84,46,93.87640711807693,-67.20617562657162,-99.99999999092579,14.393725549517182
2024-11-06,25.959914249129096,24.734494233679648,24.128324899415183,23.789976483464542,23.262860517620307,23.086179162759706,22.997838573151284,22.94483423863403,22.884257856635465,22.83882557013791,22.821157458722194,22.803489347306478,258.3619729668678,86,62,22.732816901643613,6.03255555458002,-0.538720457351268,0.1929593200709125
2024-11-07,27.541856885756648,26.776888114227617,26.080821054791375,25.450199522957927,23.518266809843958,22.394157711475263,21.920197449213035,21.965372600690067,23.197446371047324,26.773782457980253,29.71571441925421,34.355372081238045,326.14312489502277,89,60,84.50110980669642,-56.12176651648727,-99.99999071519234,6.268376094950011
2024-11-08,25.961108500893882,25.65763101933579,25.37117196217072,25.10128270444373,24.17880536255711,23.48812923890558,23.00510717495147,22.707749085999552,22.591773864130094,23.36556041317025,24.35315345685972,26.327059799154434,319.04079935080716,90,53,93.52287333587137,-67.24080982557582,-99.99952736875517,12.414267783627137
2024-11-11,26.209984379937477,25.832543866741183,25.478311180212156,25.146391485211964,24.02500718465142,23.196670372483993,22.617354014997744,22.248891819597354,22.016798962317026,22.557474891976526,23.293870479343422,24.70815277982928,220.25281467667918,89,54,50.35805760658733,-23.7464980656259,-50.14845474895309,7.9723825074395664
2024-11-12,26.373476051038587,25.991636127820918,25.633741199816686,25.299052836974756,24.178279875606556,23.374686166087912,22.84972533772168,22.568879606940353,22.619257731998662,23.85323532648927,25.21748723027033,27.780423332584242,244.83104824500384,86,54,91.51665699867856,-64.73663725458991,-99.99949353273973,10.516087752574098
2024-11-13,27.038970776878866,25.45748151694901,24.62318845291103,24.13894066007563,23.363033709703068,23.10067322348428,22.969472863660716,22.890752531879382,22.800786437218566,22.733311866218383,22.707071755273866,22.680831644329352,286.751071983196,96,60,22.57587120055129,7.767405234187532,-0.0009823706678232058,0.20271966699961694
2024-11-14,27.152046712965276,26.290598782327308,25.56524911874827,24.956954770900083,23.3962483151158,22.726526670505894,22.523482190860395,22.55385641381178,22.869973962537227,23.39301973984625,23.66369905400294,23.960391095269586,192.1741904416743,92,66,25.21136712741651,2.9602159104004397,-13.24515277444712,1.8303134766828422
2024-11-15,26.87834834075577,26.366112142973527,25.89803940001247,25.47128617259044,24.12630584496773,23.25502957131818,22.7421063680196,22.497751021558127,22.55187274338338,23.352564189284685,24.072173668695164,25.181279607881955,283.0073047418341,91,49,34.029961352974624,-6.5921900894151015,-27.49494740665878,4.4735049482414
2024-11-18,27.58353347512376,26.062945827006537,25.544314696535675,25.284896663451185,24.895767213818257,24.766057392561915,24.70120248193374,24.66228953555684,24.61781759684038,24.58446364280303,24.5714926606774,24.558521678551763,251.46787108387878,96,58,24.506637750049226,13.871537267144172,0.006085224117403386,0.056080133901042266
2024-11-19,28.173646981463467,27.27368479045617,26.49664393478927,25.829301740460448,24.036288894568237,23.236599476514463,23.043163168860545,23.20659732196866,24.02789590881959,25.50114595576225,26.362014520665216,27.391968390928675,316.5302732572843,87,47,32.26700686961859,-3.0557834961555077,-25.917519323315407,2.570629708038725
2024-11-20,26.911823479659194,26.48526075805524,26.08821713333736,25.719682517786225,24.51146853233288,23.686073141200897,23.191955802399658,22.98353832169383,23.267463887216227,24.97258037101808,26.6765631429697,29.729972635674937,256.03455984722336,86,59,91.60473384423574,-64.23578747349858,-99.9999864966461,9.456266385671846
2024-11-21,26.687157430337518,26.32922614820821,25.99033345952686,25.669963403459796,24.563812223590205,23.715810519751642,23.098361719756504,22.686420551825975,22.390316808616674,22.98476151632763,23.894203106708186,25.789393884968742,262.8732921354122,92,64,90.14529623278366,-63.08064046645803,-99.99999300312328,11.910661210114403
2024-11-22,25.893768506943807,26.297419618233604,25.95411904278495,25.456856919052836,24.05577906169877,23.455893263785388,23.150987132119244,22.967885078833618,22.758617285247613,22.601666284160135,22.540629783676636,22.47959328319313,395.5366227813734,86,65,22.235447281259106,0.8291391751744716,12.320812184419198,0.2784945684486164
2024-11-25,26.94238552128298,26.56097973511415,26.204187128774276,25.871235014982293,24.763104782023902,23.979869567282186,23.48133536013055,23.23157830919954,23.35352343661422,24.705435577041435,26.148352340602663,28.822040048327526,432.5758768722392,82,51,92.60160425964314,-65.25240542772836,-99.99999548651218,10.346782518590475
2024-11-26,26.917613677289257,26.524382679129413,26.153779896773436,25.805137739352055,24.617417531977072,23.73196513504017,23.113648286960057,22.730865144863,22.561162345218207,23.45124584113205,24.59157386429634,26.841641548314893,292.97633254410573,83,63,89.91106842826679,-62.57691029197984,-99.99999999999834,10.918566348157395
2024-11-27,26.60755237544904,26.419630671891458,26.235227499446243,26.054304434094377,25.36465772750961,24.727714222159456,24.141187892301573,23.602880429647286,22.662548335916302,21.563431011825223,21.01718941671721,20.444844504973677,251.80291756381604,89,59,82.02112867753007,-55.22209726744339,-99.99762728937327,28.95907365470269
2024-11-28,26.522463865846152,26.228135021713417,25.948357167360605,25.68278014463563,24.75573069228619,24.0297276458953,23.485644570051996,23.105922653107765,22.776445912372214,23.153353346044813,23.85216395192204,25.388708375109598,327.3205557173455,87,55,92.5271230180027,-65.69542168276942,-99.99999382784517,13.535028431010089
2024-11-29,27.037944415296526,26.81080436402474,26.587403123763025,26.367700902086703,25.525099627180985,24.738596953625187,24.005823450701364,23.324499550761054,22.107512144251817,20.61572813058592,19.82175354216566,18.897538421212545,249.05165536774163,93,55,73.28998418768894,-46.021120732785725,-99.99917020300643,28.980317636770543
2024-12-02,27.05598353937445,26.728819656450366,26.415371612707897,26.11533090283415,25.043282330439744,24.162608931248325,23.456308297507913,22.908694803764757,22.23279734786657,22.082491553646886,22.435935635049766,23.476611779668538,233.52091954470947,89,44,87.71751292170406,-60.32033494030069,-99.9999274898954,14.239788414235365
2024-12-03,27.516911130004704,27.171756505246076,26.839619744224834,26.5202225235794,25.36464481136759,24.391963233793803,23.58673807716565,22.934674252407824,22.038095001798744,21.54186083404625,21.663507734980026,22.36535601535685,300.27849311282483,93,48,84.57238038134972,-56.69701307974431,-99.99999891428071,14.821551908407537
2024-12-04,27.0202480788167,26.697859881553203,26.388906167806766,26.093087509373092,25.03537777744316,24.16535399490809,23.466490512411895,22.923529720890315,22.25007898620651,22.090921514619577,22.432981772491903,23.452005745950785,252.85735098029494,89,55,87.88347998223058,-60.52710382073122,-99.99826203696556,14.380284110955303
2024-12-05,27.114973259923808,26.701273950253494,26.317005445547704,25.96101053618962,24.797999453286348,24.004683673216988,23.52418456814602,23.307230745421453,23.49924478264759,24.87167563564424,26.231648728141007,28.614682579569962,283.57955813360263,93,59,67.32687957272347,-39.76757749782933,-69.37334762263205,8.044105625289607
2024-12-09,28.07092363467298,27.428145222343222,26.842190352771254,26.30942117768263,24.644674801833705,23.590640925269906,22.998996227740363,22.753973696245993,22.96378624954598,24.20032363944858,25.25621699055951,26.86170914740951,306.5630437198626,84,57,39.63231250831459,-10.857922533828015,-37.62226922430504,4.550782893806228
2024-12-10,27.708322309770086,27.299895955376947,26.912657459737435,26.546014369065087,25.27404967881295,24.287862629724295,23.55598296967786,23.049956813548377,22.615111425257986,23.090323464383005,23.958916157455135,25.825957791709374,258.9605792388535,91,58,87.82036477584067,-59.68182088517545,-99.99998681579231,11.419624102963695
2024-12-11,28.006612978402465,26.58247609933166,25.732974180026286,25.197260802381233,24.27197468784846,23.948566627502682,23.78658978580075,23.68939838096079,23.578322303629598,23.495015243171604,23.462618052992962,23.430220862814316,327.8643115895711,93,41,23.30063210209973,7.227097009423939,0.00034476238244859697,0.2689515145319431
2024-12-12,26.37316104812374,26.42651501296142,26.32463213551989,26.139079648159797,25.223204823273544,24.511470305302428,24.04566532236833,23.7396316240785,23.377993742709272,23.104439491237304,22.99800012961243,22.891559445775385,226.54387862866417,85,64,22.46579644882625,3.5857714628405253,6.228925302442784,0.6507022189978843
2024-12-13,27.314155088550002,26.942162987238124,26.593746097884758,26.268179577480083,25.180588325328614,24.405452939802366,23.90490270000125,23.645008524369356,23.728893685601495,24.997965609351137,26.378899231474048,28.960783749228316,249.8310443743611,93,54,93.14199853415819,-65.43153140825956,-99.9999970519209,10.572034558695634
2024-12-16,27.401100908439417,26.857390879589754,26.35574860359923,25.89448333693046,24.421418758094156,23.47379057393694,22.968836389053525,22.835031118344013,23.44248209387187,25.84913570912317,28.052396230339998,31.794589011879427,380.0737354691905,83,47,89.13012486223748,-61.14149387118377,-99.99999999880308,7.962286232676574
2024-12-17,27.009034575396228,26.61813069242554,26.25332533433668,25.913773549515955,24.79202237448723,24.01265711848805,23.532009603849087,23.311190653302727,23.514464807390077,25.019732157063693,26.570875211646996,29.40013299656004,308.5669801202256,92,64,92.7748110926037,-65.34790472158456,-99.99864847280023,10.034344971497285
2024-12-18,26.709073445029368,26.979249397262468,26.42272398562535,25.755198454900633,24.059225298458735,23.370984382327546,23.023351349577393,22.81468578300652,22.576207423718472,22.39734860559279,22.32779239853284,22.258236191472893,323.7047394913142,86,51,21.980011363233103,1.403968799170202,14.699182673202547,0.2591649485976
2024-12-19,27.138211948277746,26.844558857452398,26.564727487252455,26.29839573537321,25.36184913704434,24.617176810235023,24.046700253616827,23.63414728003798,23.224128013598495,23.45645468968955,24.051130143336653,25.429732511219598,240.38164238608587,84,57,92.31624475884392,-64.87022922852648,-99.99999987566234,13.940822831626438
2024-12-20,27.13285751167122,28.164591611434407,28.181101526217812,27.77830399692663,25.761857935198638,24.56145800467894,23.902866790999333,23.502169400744638,23.043334895882325,22.699154110012707,22.565305835640743,22.431457561002908,284.2040426653707,86,53,21.89606446244433,1.982183618332418,18.072863283117734,0.40044266751617513
2024-12-23,26.504368865634948,26.763367824417873,26.758469545292375,26.598778272895842,25.485361405971855,24.499090592202094,23.82215533026923,23.36768882284357,22.82466157317922,22.41226343909301,22.251738662635123,22.0912096484879,626.2950944640259,85,64,21.44909260705634,4.365642096439394,9.725392934297124,0.6835378413517749
2024-12-24,27.378103308753452,26.987688448867896,26.630446473547885,26.305128042137348,25.2994970998927,24.714737822077232,24.488404811536146,24.565908993660305,25.447883556279777,28.04173112704196,30.296314970826813,34.08161499974648,278.90440331061484,89,59,96.90011935203698,-69.097137101732,-99.99999933176095,8.72859421972367
2024-12-27,27.523439552476532,27.309287281458754,27.107237684123938,26.917010701940885,26.268919903580763,25.788986989424018,25.46178539638546,25.273088374082718,25.259779791529965,25.982672952073358,26.849446422818133,28.57346171235235,277.555889220217,90,58,100.85371143211485,-73.10373121876509,-99.99956867125496,14.43953778806353
2024-12-30,27.630222824219267,27.17198283200154,26.75809041288946,26.385638251412647,25.257933358133226,24.60172783553489,24.299202101224978,24.258753553197895,24.696501919971183,26.00401132872415,27.01495443876542,28.496477535157098,245.5471294484131,92,54,39.74119388175027,-11.60529282838844,-30.863608491432974,4.537983378053411
2024-12-31,28.369746847545017,28.842720963147702,27.961043785604364,26.944029409815016,24.505861952771898,23.55411385195152,23.075358281391413,22.7880542128051,22.45970525195558,22.213443516614845,22.117675063980606,22.021906611346367,487.44674718865843,87,64,21.638832800809414,0.7355675608766563,23.334858841784566,0.23872062180913464
2025-01-02,27.278917474365294,26.944875538489526,26.640645861238845,26.364529158054715,25.51016517311645,24.990596022689267,24.732375726136084,24.6762878220865,24.9895141255304,26.057386825150765,26.93759924564582,28.294716582959193,402.8373663473242,92,44,40.67811841568146,-13.033555917186815,-29.31370572638459,5.326335317081731
2025-01-03,28.395944218999134,27.865296413002664,27.375674934847996,26.925446214097374,25.48774002601367,24.56366347299499,24.073031097137974,23.94643866663663,24.553614936676357,26.940546198165855,29.12655677056701,32.84488470185495,279.3760627203154,86,49,90.62795453340631,-61.65864376237912,-99.9999685722289,8.050770923506928
2025-01-06,27.169688651203586,26.880892493051523,26.618843723350558,26.38225078391641,25.666472787416723,25.267983365857468,25.126954522632083,25.193252308621382,25.787084774527152,27.38908326746821,28.693811513450225,30.756317433487204,361.36324613865287,92,55,54.18882058979831,-26.70223991811417,-44.20448328298878,6.601548169663501
2025-01-08,26.990151746961374,26.815814017737218,26.652308609540498,26.499391273886918,25.988879626926575,25.62941857284438,25.407484885367253,25.31057239953094,25.446446100539095,26.326166792671508,27.26485783060212,29.063483270858598,297.9366801540458,85,60,104.19758613165999,-77.0220153230743,-99.99985626873853,15.03439534409811
2025-01-09,27.26861286185818,27.079466782384635,26.899281865270268,26.727880850826065,26.126674916830083,25.652592954666574,25.295656139896423,25.046551897793023,24.837673403076288,25.13414992026323,25.661576694123553,26.837247456052022,304.0951472330933,95,68,100.08028862618086,-72.61338820534823,-99.99999991187225,16.87039384307385
2025-01-10,27.512225075577668,27.29343789696057,27.08253102828746,26.879365538123746,26.141412693059955,25.51674878910119,24.997454886600295,24.576090493083896,23.999617980305324,23.70796512961201,23.83208301186114,24.40330843820994,224.20901138718642,94,57,93.56453044271767,-65.82549678407443,-99.9998671682121,18.503288975336584
2025-01-13,27.338241300993257,27.092481954475094,26.864989468950412,26.655236310398102,25.983514975306665,25.55667638499811,25.346715258086082,25.328322112632552,25.777040931766514,27.38379150253243,28.900354770258733,31.610679541229842,253.46859627875685,98,59,102.11695103103533,-74.51414267968092,-99.9999272017627,11.620171153653349
2025-01-14,27.79996882025736,27.391294310025092,27.013059580716348,26.664190539778748,25.542020348742042,24.8119338669232,24.41946403216786,24.316611284257945,24.81583148434993,26.834446905691465,28.731410449247726,32.04207681650731,333.39208467376807,88,57,94.53639635042758,-66.29620528687106,-99.99918572638275,9.231182532049159
2025-01-15,28.03526250952592,26.954427161479583,26.337975667129967,25.96144377236816,25.33151204820676,25.114825737045273,25.006402195018616,24.941347042422315,24.866998272963492,24.811236695666366,24.789551637828577,24.767866579990788,292.44317043653683,91,56,24.681126348639626,5.382255377091884,-0.0017976174318263842,0.2418202183506415
2025-01-16,26.890478200562956,26.7036574916957,26.526390163362827,26.35847919862706,25.776579112674796,25.329499544811878,25.00620635513003,24.796430978678522,24.679890731296013,25.138476524687096,25.78303384735199,27.139312445922478,333.0720542700403,88,57,100.89145631598568,-73.80440347359225,-99.99990592731025,16.248750935477986
2025-01-17,27.770757759878645,27.41610374108024,27.085151026685722,26.777159444010838,25.76069123484885,25.05738451704558,24.628664372345874,24.440019118838908,24.662840646946485,26.126732537358446,27.626300317370674,30.36771845922851,240.82500844933804,99,47,95.35143937630518,-67.20156556775567,-99.99996811080615,10.469199982389704
2025-01-20,29.061874579500323,27.716025769391536,27.08658891104356,26.744539703578088,26.218538563015667,26.042626398141635,25.95466960005664,25.901895520261228,25.841582286207107,25.796347360666513,25.77875600073406,25.761164640801603,265.1502764851079,100,56,25.69079920107179,6.7627228690903864,-0.00041714633078820864,0.15608309343288357
2025-01-21,27.84754418946667,27.571053960492304,27.30763937008103,27.057001540468647,26.17644577112069,25.477905790832104,24.944923140463374,24.562321206168363,24.193403066351163,24.45223534037555,25.048508901033916,26.41480186518775,405.9644451110158,88,53,94.26328094809232,-66.12586596149401,-99.99946745305387,14.272700659813243
2025-01-22,27.060276197429317,26.91328957341354,26.771532946666245,26.634927687128318,26.138482996108493,25.71842861794655,25.370199300756042,25.089462594156934,24.714234629886885,24.5614622260138,24.694127106991886,25.18659882069109,384.717665742158,84,52,99.6871311165484,-72.47455863997104,-99.9998570961613,22.200984070523248
2025-01-23,27.192598335487,26.693727432187515,26.260188575981182,25.886656308782992,24.89913223641686,24.53613725329712,24.60394655357794,24.96114241367608,26.162576520413808,28.365604331701583,29.786572932533907,31.6574045055862,152.67949364425468,82,59,42.745308960734064,-14.982764368303032,-33.019651626154506,3.711238646495253
2025-01-24,27.415290934822327,26.54753333596794,25.900255116319368,25.428623632558118,24.66948005559933,24.803505609636925,25.218083299134598,25.673556290908497,26.43688366256307,27.161593781356597,27.463568013471605,27.76958794760698,248.4768876783243,92,61,28.998561682644002,-0.43973381669655165,-13.869623242110055,1.288429406574994
2025-01-27,29.636179339166464,28.173563248398295,27.123522211497615,26.37876043241669,25.12500522836796,25.01248399363314,25.173710403848588,25.364814790617576,25.65786189097396,25.905512534962085,26.00358227077976,26.101791392962696,315.65447903397575,97,54,26.4946997564511,5.1600681659659715,-11.734299761400083,0.8964751561151116
2025-01-28,27.683246740938866,27.9655722566719,27.49354438170432,26.936799960975907,25.580839813513958,25.047138242412,24.77848357224732,24.617256930420197,24.432996876845866,24.29480182549621,24.241059305525408,24.187316785554604,288.3058717657591,96,59,23.972346705671388,0.432681783747158,12.868956057150225,0.24241760577287594
2025-01-29,27.710057039026672,26.80671275907656,26.112970748972316,25.58817252463994,24.599939337668598,24.53423243268231,24.797158155488706,25.142658636062507,25.769044914876957,26.391501275984243,26.655024472800655,26.923160812174174,411.3395880385153,93,55,28.001670388547353,0.8710745708212696,-13.058867121986584,1.3275800924269525
2025-01-30,27.404712279823723,27.01834279401232,26.664941990667707,26.34326996381599,25.35045256588871,24.776051632483373,24.55806416946249,24.64227388722345,25.533941330290848,28.136352759812542,30.39445003137058,34.18359833482192,280.34272714783845,87,63,97.15906286221535,-69.33373104902192,-99.9999999920705,8.74814793799837
2025-01-31,28.73131814674867,28.989386152185528,28.36678015649119,27.646446453523648,25.87343246408004,25.16750383329562,24.811666707535245,24.598103186349967,24.354028458102388,24.170972385605346,24.099783912963048,24.028595440320753,359.3211289819794,93,63,23.74384154975157,1.3050845712257022,15.758785696474634,0.2503129882921577
2025-02-03,30.642857369664082,29.027979233984098,27.78124669137265,26.829496067200523,24.944546498542095,24.641226184997564,24.903470901134483,25.320679622621913,26.106919691392786,26.88954551655761,27.218895020915276,27.553093214453433,386.97630620029685,99,56,28.895525961347225,3.82059527513128,-19.778754340187703,1.2619671442621454
2025-02-04,28.934830600028032,28.366499662379322,27.17834380561716,26.35843664651619,25.00604443884921,24.549791829866386,24.32166099179895,24.1847824858454,24.028349907609353,23.911025473932312,23.865399305280132,23.81977313662795,363.61623275173815,101,65,23.637268462019225,-5.050850518845585,25.442977255849105,0.13424642532077344
2025-02-05,27.725275152883768,27.249380003240844,26.824330814599843,26.446843867365384,25.353249091758506,24.802997873112634,24.661118235754973,24.82187938680588,25.73976119860345,27.84746627342924,29.38914379626147,31.613203390133265,328.9517651665992,97,51,48.659702141010335,-20.404202030644292,-41.64051267225817,4.752098646078223
2025-02-06,28.16546386986606,27.22139368091738,26.485894950808497,25.92169264629317,24.8308970858121,24.76165682579756,25.09213543594607,25.54161730567491,26.396457936084968,27.293178146538644,27.684524197133605,28.087133789990315,256.95913804074746,94,66,29.715683236634206,-0.35283421000463727,-16.196371343756226,1.476724103082811
2025-02-07,26.577835656184444,26.367928676182363,26.176526116761124,26.003073394829567,25.478154217462205,25.19958324805751,25.138078993168733,25.267258770051757,26.00504660609602,28.02105413884504,29.789669976445516,32.84311154513258,256.6057462065994,93,59,105.1187954937076,-78.31197945471486,-99.99991072594914,11.35682082880296
2025-02-10,29.735922683732134,28.20881554189893,27.03331438424977,26.141883615212983,24.452393866305712,24.331859904557902,24.777667283719055,25.369887357534346,26.451993465904756,27.53492804968455,27.994992324327583,28.463632852075808,315.19093095395345,96,56,30.349565541305118,1.3475032484201162,-22.406534676776598,1.3435638819275493
2025-02-11,28.487509887486123,27.153255458933504,26.344597797647268,25.872211771775316,25.44663919077519,25.63429936970945,25.83276827176342,25.97700456659935,26.15248583615759,26.285993901293367,26.337953012926786,26.38991282868997,303.3070599199116,90,57,26.59775220622406,4.039554191210133,-9.13152378282214,0.6122563401313597
2025-02-12,27.070115807161883,26.528774905282123,26.07630018222872,25.701959299832403,24.810443017643713,24.57246838911323,24.700917325325214,25.021037947459916,25.86251857294018,27.061395406370323,27.69708496027972,28.42104367009783,172.2731770945986,84,55,31.648758203523244,-3.9363670046291035,-16.97898129233807,2.3386240376856686
2025-02-13,27.211255531439697,26.93894106686384,26.68683326928337,26.45432466100318,25.708671808254962,25.23191688096501,24.99207911968775,24.960388529183103,25.420633758582806,27.10603606522535,28.69638347258841,31.526970564181795,229.1665337223536,80,45,100.52859770173397,-73.02419753974557,-99.99999999946638,11.100362779510025
2025-02-14,27.09302505729665,26.89898195918745,26.71622297264078,26.544492684208734,25.962921051897133,25.53862129467676,25.25746995497747,25.106414669610352,25.14728572330355,25.911538760836336,26.787317355294856,28.5073692879494,187.8313076173402,84,50,102.16589204638211,-74.86727934072324,-99.99999847923816,14.85750503724417
2025-02-17,29.18819934163708,28.434745054338695,27.761536106307272,27.16322261257681,25.42273661208455,24.528461436118192,24.264167715519573,24.462068923731195,25.75580518675073,28.768642556333724,30.962163166724245,34.10098159734036,254.2941715364116,93,56,57.26447199842796,-27.23688414261252,-59.49299677078432,4.559344520114365
2025-02-18,28.01501215189087,27.42143995249834,26.9002584848356,26.444808365303658,25.166009781553285,24.53547665746153,24.33284011416766,24.405570945362292,24.991716129633563,26.21549531949937,26.99996087188326,28.000686721809558,263.92896330952465,91,47,33.310589561983136,-4.622337831479337,-22.265064859438397,3.081531061007088
2025-02-19,26.896499844685568,26.543176860518905,26.220910008361784,25.927904002056042,25.015765205373537,24.450667797068135,24.155587677901785,24.068675649481772,24.331249110900792,25.335581677152085,26.176188292913455,27.475245417802025,369.8893404218699,91,57,39.15507665598927,-11.872303780768013,-28.679771501314878,5.207999991901208
2025-02-20,26.10158590746956,25.892404002213183,25.696422939111564,25.51331914094959,24.903439145694797,24.4754139694426,24.211568218061206,24.09567570888769,24.249430578781865,25.255659077378407,26.320557690238175,28.34026707729575,451.6198490478799,91,49,101.13594907742058,-74.81164994148492,-99.99965826634316,13.71353288338869
2025-02-21,25.64618768533655,25.459758605290123,25.284708117204048,25.12077532416982,24.571179440769296,24.17988035368252,23.932473661543934,23.815658678478613,23.925648939139606,24.7926453786967,25.73480794937605,27.549538666915417,350.3999391999152,91,56,101.81290440917523,-75.96864296735725,-99.99996609375881,14.726078423924104
2025-02-24,25.8042024356525,24.89419213048986,24.709816138342497,24.627715624660745,24.50622288594871,24.465745643729186,24.445507022814414,24.433363850265554,24.41948593878114,24.409077505167833,24.40502978098488,24.400982056801926,359.1523442100486,93,56,24.384791160070108,12.8161292305197,-9.908331664100317,0.08352144378340799
2025-02-25,27.68295932981607,25.67424367187926,25.014182207623765,24.70858950590744,24.267167551296637,24.12083687061333,24.047672183612267,24.003773371809157,23.953603301177402,23.91597574820359,23.901342810935994,23.8867098736684,417.84983375594635,94,57,23.828178124598026,12.497255362483473,-5.812364064397723,0.13133739905494937
2025-02-26,24.961047396687164,24.24750635418452,23.948822626811857,23.802167155441488,23.597866983406163,23.532076456999164,23.49920737613159,23.47948613807975,23.456947582931743,23.44004366658199,23.433469921334865,23.426896176087737,358.5861445359142,88,61,23.40060119509923,3.5112796280192806,-1.5166146290486704,0.19773982850811433
2025-02-27,26.129230357745996,25.190276026761108,24.478091417341297,23.94650975092548,22.981577610498835,22.946925837484088,23.221180842796382,23.560860785127836,24.152438783151702,24.720384515211425,24.95702378018492,25.196660696597508,392.5533287089421,96,66,26.158632711601392,1.1934598115212047,-12.710630123269759,1.2529880634496289
2025-02-28,24.659348754951814,24.332356475953926,24.057513917619815,23.828748288915044,23.274383647382653,23.115048277001257,23.182701490653606,23.372947273388633,23.891913496984788,24.654095918163982,25.066538315994453,25.542340356986713,320.87552168224204,90,57,27.701227307157524,-2.655939154070047,-10.802493463179665,2.436892130887783
2025-03-03,27.15062640246866,25.142462871884742,24.257180992570078,23.857043257192768,23.493504822158478,23.4388971881798,23.41496569093371,23.400738317470914,23.384486691683648,23.3722981556208,23.367558169471376,23.362818183321963,372.02000188880874,102,55,23.343858238724305,8.432212109206862,-7.452565403687016,0.2903078909594655
2025-03-04,23.21400648130535,22.69614159804829,22.633308371353575,22.605314508336026,22.56353699646477,22.54961214876255,22.542649724911684,22.53847227060117,22.533698037103434,22.530117361980132,22.52872487720996,22.52733239243979,402.23040239364474,94,59,22.521762453359095,19.411978108994344,-18.10702167889219,0.06402442586058252
2025-03-05,19.90421653310196,21.314045567461605,21.866453367599117,22.14345872966147,22.55898286532552,22.69749093472381,22.76674496942295,22.808297390242434,22.85578587117899,22.891402231881404,22.905253038821233,22.91910384576106,458.5012872190196,87,53,22.974507073520375,17.737402914748984,-34.35837124254299,0.05000000000000004
2025-03-07,21.741773610974118,22.509925503398428,22.893219436590854,23.087769397230666,23.379731775114003,23.477053056269167,23.525713696846793,23.554910081193366,23.588277377589456,23.613302849886523,23.623034978002046,23.632767106117573,374.22422420506746,92,64,23.671695618579673,13.798857876496319,-23.500718484420798,0.060187185791410726
2025-03-10,22.624719765945628,20.776289058591267,19.822067099494383,19.443278359308206,20.34140194953051,21.945574062003093,23.193029199930148,24.067721291488017,25.13328080103644,25.947746282110614,26.264967792487123,26.582205020892808,459.2195023275944,99,60,27.851157932289574,-2.012350957924773,-25.083243508390638,0.7024866682756941
2025-03-11,18.43720890181479,17.799220189169098,18.372229091776124,19.218973788398152,21.696045472074793,22.78886144683816,23.347143013158274,23.68256432857719,24.06593141733026,24.35345737832871,24.465273030186484,24.577088682044295,466.60777774466436,96,52,25.024351289475526,-2.213423533458734,-20.67266140192735,0.2931449013848256
2025-03-12,20.311046295630927,18.213524139808705,17.71785777411965,17.98440190016877,20.573600475674468,22.418434243566846,23.481663057105113,24.136800910645754,24.889142626503503,25.45369424376958,25.67324379039591,25.892793341938997,378.8048693856953,93,58,26.770991548332688,-1.190211823972477,-28.451340784185945,0.44440901156711565
2025-03-13,18.99275108474587,17.671613409016356,17.908344407477053,18.64497058006789,21.364953757429355,22.71152007954133,23.413095739722955,23.835596518472677,24.31859678849559,24.680851752369897,24.8217286882676,24.9626056241668,440.9637082553317,92,45,25.526113367763603,-1.1416166134299404,-24.607776915753373,0.3282646693939484
2025-03-17,24.27831651142684,20.875559473917864,19.459179142540094,19.088407916303858,20.598058027754938,22.18449027573798,23.159673587503967,23.770160460147732,24.473949397257876,25.002366023076032,25.207865589070682,25.413365172412117,446.37372082577104,93,49,26.235363506772103,5.106098812210049,-31.402187585941686,0.46889007416657713
2025-03-18,18.78520078669398,17.308068742612342,17.355524278526943,18.00129941427259,20.979367959805618,22.67393146639707,23.59060867978777,24.146504309197383,24.78265898943467,25.259820712613312,25.4453837317934,25.630946751099945,670.3777804644312,97,56,26.373198828328874,-2.6465503935023555,-26.40732019869944,0.38321163175492007
2025-03-19,18.838958366051838,16.50830828205429,17.694052104167973,19.019040461130462,21.666254910384144,22.599332685068333,23.066067610104064,23.346109191364956,23.666156716012953,23.906192359504647,23.999539554195863,24.092886748887075,469.24840925596493,90,59,24.46627552765193,18.033731583451836,-51.14598924724142,0.1691467775571737
2025-03-20,17.701066651029514,16.782117108404986,16.905409545096365,17.5332472185787,20.877759590759542,23.208479361397572,24.596490808669547,25.464883218191556,26.467377375946196,27.22039530846271,27.51324730209836,27.806099373764035,465.39681704853575,95,70,28.977507666709045,-8.367382530000643,-26.170868495646456,0.5087438961860464
2025-03-21,18.542796138293212,17.111214638423363,17.200683874624815,17.87934328014424,20.919418483814894,22.631671637970996,23.555850853757605,24.116050528888856,24.757083739620338,25.237901490921633,25.4248862875266,25.611871084242047,385.5082669315283,91,60,26.35981027110617,-2.902379686775764,-26.531386231634166,0.3811638590203178
2025-03-24,18.31310367259387,16.515261790334144,17.245528859073865,18.407830250257703,21.42848164183385,22.627912700233352,23.231449860771626,23.59363597550566,24.007564693358947,24.31801124825401,24.438740464048262,24.55946967984252,266.5569645685315,88,64,25.042386543019543,4.586188904671575,-35.35329942878949,0.23543819436593033
2025-03-25,17.939822949049155,17.2360216482746,17.511932215061393,18.135967882844074,20.530535690366857,21.812172808535827,22.497642066431812,22.912489591968253,23.387082654565752,23.74305187053152,23.881484403831948,24.019916937183297,355.6121379365675,94,64,24.57364707058969,-3.5880152507110776,-18.551847831788645,0.3751582369839159
2025-03-26,18.62494213987883,17.602507612974847,17.54491479352302,17.922532845078642,20.06151111783219,21.452364597975414,22.242143420908924,22.72732632901252,23.28416059783019,23.701974590213073,23.86445886361767,24.026943139974605,458.70978650800936,100,50,24.676880245532196,-3.059328863948307,-18.985890246358224,0.44222996988977603
2025-03-27,18.770550616873997,17.963778705690512,17.87691146557694,18.15033914106071,19.988072032284094,21.336810828904333,22.146637440713686,22.65409415856421,23.240085856510696,23.680262712548362,23.851449432678404,24.022636197174958,452.4409668028687,95,56,24.707383258662517,-3.779594693712361,-16.512690791787357,0.5061630898938249
2025-03-28,15.579690452127803,17.369464804715697,18.739919611011203,19.476186030409043,20.58780281955932,20.958419687647073,21.14372812218476,21.254913182907377,21.381981823733224,21.477283304352607,21.514344991260145,21.55140667816768,457.4942986751478,91,57,21.699653425797834,24.525468344361034,-51.99713598818784,0.08094525761169002
2025-04-02,18.574252065237594,19.288018299998946,19.885680481062632,20.383789343558227,21.638707591359573,22.148107816815404,22.27405213845573,22.213151993236774,21.899388815957217,21.422050409808506,21.1808124742036,20.918577349212736,623.8865832989874,93,57,19.819204441639116,-2.0939811487492976,11.251304469251801,1.8058055142431622
2025-04-03,17.993917120934977,17.054925323725612,16.93214067281333,17.243029907867548,19.549208717945397,21.377525475600486,22.522152112277826,23.252412298988098,24.101662905592924,24.740651268621264,24.98917590613603,25.2377008566572,384.9548068985064,87,58,26.231800694024745,-5.843002590985892,-21.053670202556994,0.5543993368830571
2025-04-04,17.09303335909785,16.381672826660377,16.920929193699394,17.79304216193251,20.544676040704243,21.82631149020339,22.48791910171379,22.885903900533034,23.340826859463483,23.68202155018523,23.814708376644496,23.947395203104204,247.90305858841612,82,56,24.47814250894305,-3.1303358688660237,-21.994470735894993,0.31686650221116786
2025-04-07,16.045462985876913,16.72629190716422,17.36507364425639,17.96338179944256,19.981546572958877,21.46504275191414,22.491995304360923,23.130465527448695,23.47113989746751,22.316921025074176,20.833220845091837,18.00733047458883,345.18172238143603,90,66,-35.16025106607232,50.481210074511836,99.99999999225302,8.287407796289735
2025-04-08,16.635384623338553,16.11256780829447,16.562799970883233,17.36886871597963,20.42345223369969,22.11577531285527,23.036441183914476,23.596023177844227,24.236729722955072,24.717334194891457,24.90423620605183,25.091138217619775,437.6995733776861,88,55,25.83874626390323,-6.435895078378019,-21.28062324187685,0.404600627130598
2025-04-09,16.282173677938346,16.40481980522973,17.305125158746396,18.28400389418323,20.806219196632828,21.86654178913095,22.405617818223494,22.7293769445278,23.099405600246982,23.376927473378082,23.484852646445063,23.592777819512055,240.86133981906664,88,56,24.024478511780025,-5.071070689828176,-17.493471327386708,0.28697725746347025
2025-04-10,17.885754331417353,16.895400325387318,17.115391275217647,17.7786298807085,20.45789952120665,21.911518267120712,22.69003240237837,23.1612516460396,23.700339935908385,24.104683957345664,24.261928922518315,24.419173887747153,228.64796255595024,86,53,25.04815374866357,-3.313363109688049,-21.897532241348838,0.37423097364759866
2025-04-11,17.728100880295656,16.96522161657287,17.36588670755913,18.094633327439922,20.47938200616086,21.60583852511681,22.18846475375507,22.53901491568739,22.939725005182574,23.24026004784461,23.357134789056165,23.47400953026822,284.954746161771,89,53,23.94150849511644,-2.2254736702526428,-19.749931486141296,0.3191060379918867
2025-04-14,17.007871950937325,16.038818488316636,16.75643680862705,17.823049583735944,20.828203436465305,22.109313365641565,22.75987926244208,23.150524705869223,23.59699198284992,23.93184271564724,24.0620624451663,24.19228217468537,255.10683818095777,89,50,24.713161092761645,-1.227062317956495,-27.17411813480273,0.2751006699929277
2025-04-15,16.909930091078795,17.596802799719864,18.742989202948102,19.483611695340993,20.665734181719344,21.062204902182632,21.260441135781342,21.379382876198616,21.515316293818472,21.617266357033373,21.65691360383916,21.696560850644957,250.13301911342688,88,55,21.855149837868126,7.1065314935146215,-26.839266424738415,0.12055271692640265
2025-04-16,18.14850968654413,16.383253759844216,16.74651949187819,17.701381875130576,20.88177121711054,22.3398573861882,23.08718062340014,23.53628823650458,24.04959996573723,24.43458482546787,24.584301160422925,24.734017495378037,344.008229794544,90,38,25.332882835198493,0.7234033399662022,-31.194671220719282,0.2948016515906403
2025-04-17,17.6247441666875,18.236823905781062,18.79485629792301,19.302370992931074,20.8906674659668,21.902719542351413,22.48086515560734,22.73552374803984,22.596279651051738,21.54187656676219,20.629825164330207,19.244360944689817,245.42144151209718,91,71,8.454987856998978,8.499874125846373,33.28522335711688,4.42535959304219
2025-04-22,18.22425610266988,18.70820405110553,19.15152254366368,19.556704871949442,20.84117374564075,21.6813991179238,22.180927640200544,22.42143152250619,22.368427089718374,21.556921615122718,20.813863583222847,19.648840790744735,320.62898408309786,91,55,9.751349386354573,7.9456872856414975,28.78255806308018,4.7375929307921005
2025-04-23,19.114879135540296,17.81879467575253,17.343157650878965,17.33337991807845,18.758806463694874,20.152951287617512,21.068255818697672,21.661493242204553,22.355371369012136,22.878172407024675,23.081522199182253,23.284872474924853,241.40890791688722,84,56,24.098273639124113,-2.2900564186859085,-19.048930964999464,0.5717711550605927
2025-04-24,16.168174437974034,16.68797872103219,17.180374412796713,17.64620383818145,19.259913653256902,20.510219741299515,21.440953197520486,22.09130031904404,22.687118093083814,22.238874854694725,21.30548514241305,19.286244267256173,257.9018821150302,86,53,-38.42942486481425,54.049520514081216,99.99999999999999,10.211023385203216
2025-04-25,18.65312470326956,17.39547564341835,17.262119495274387,17.637250966530978,19.916339753878137,21.407951245555157,22.253148254088387,22.771858902803277,23.366995720897176,23.813529149271062,23.987181991646764,24.160834836468535,343.67871980790017,97,64,24.855446215856855,-2.6453475661668233,-21.226486910504907,0.4364629245819862
2025-04-28,18.645428177089507,17.040270660340898,17.101628451165574,17.66294971724315,19.73646776812826,20.711404445360547,21.21203990282265,21.512937795296313,21.856854435604735,22.11479269026863,22.215102011977407,22.31541133368623,411.8127479759893,99,46,22.716648620521518,2.207308551905569,-22.611630534240057,0.29496492496736815
2025-04-29,17.93821667112441,16.975830783691332,16.783256450704975,17.010381772307145,19.04451697125642,20.73787202388326,21.81639134577577,22.509280993836416,23.317365886936148,23.925825215159282,24.16248558044652,24.399146400203197,412.3666378639282,100,62,25.345789735342848,-5.098408194167143,-19.89803412598862,0.5680668411244285
2025-04-30,16.290488908632305,16.761564232468455,17.206789437942028,17.626953115133965,19.072032690469825,20.17391820935771,20.97375609155839,21.508386120332382,21.910372942165154,21.241890935674146,20.194818058158567,18.038127808609662,324.9830512676465,87,61,-41.69558802351894,57.48834111399731,99.99999997870798,10.392183597721512
2025-05-02,17.093207000283307,16.083755943570324,16.768897692127723,17.625202457218094,19.588419608920983,20.32462005782534,20.693704524850588,20.91516513018223,21.168263126530505,21.358086624712744,21.43190687400587,21.505727123298996,376.7637504925938,96,70,21.801008120471504,3.9252453107211456,-24.982339796742906,0.2103431202499403
2025-05-05,18.73900912167148,16.634870527431612,16.776563258264467,17.445961221520875,19.51777165597467,20.387185270363393,20.826255866831573,21.089787377056325,21.390969203423932,21.61685560784892,21.70470032068627,21.792545033523623,317.749274682428,91,50,22.143923884873036,6.219731295013267,-27.55911715936884,0.24699317982928007
2025-05-06,19.48312609162492,16.925187761574378,16.809811541599636,17.409037155317847,19.725836952620043,20.792199113672293,21.336374593637345,21.663224663555688,22.036785268352077,22.31695604513164,22.425911347331777,22.53486664953192,399.75147947603193,99,61,22.970687858332486,6.196246982018351,-29.854687760300138,0.2763207513662403
2025-05-07,17.24589851921243,17.632203555820812,17.990231180586854,18.321224327242447,19.398044745073804,20.12982680475662,20.57558049934793,20.78545228479212,20.661234410267756,19.57674494033175,18.511511708712725,16.683734555019694,292.5763864347776,92,63,-8.327467833983187,25.15749040046839,49.481154724075814,7.052698829920829
2025-05-08,16.88707091685765,15.866885722894713,15.862120236039434,16.285240332539843,18.422935869385576,19.719583127262545,20.436835272322725,20.874185356822395,21.375227218343706,21.751089094514626,21.897257923221733,22.043426752476982,281.83041783811353,94,55,22.628102069515155,-2.535756885594782,-18.763862263314635,0.4117505432495798
2025-05-09,19.975943103927982,17.17771570251087,16.077067825905253,15.876736137103725,17.627632315429764,19.316363733686174,20.35863111927214,21.013665001229672,21.76999047874667,22.338032347959768,22.558944348066262,22.779856383448994,302.333558736502,95,47,23.66350452734785,2.2050188480559116,-29.448320172987874,0.486531422914273
2025-05-12,19.31837664501525,16.8139109458727,16.409703159966554,16.789259464925856,19.04156351552129,20.276012026198845,20.926162763399063,21.318140994597485,21.7662955787815,22.102417761898458,22.233131951957684,22.36384614201923,293.72550430462303,99,71,22.886702902265437,4.0508029333593285,-27.683577460453535,0.3318633364314258
2025-05-13,17.566985549253012,15.614976625764616,15.337453135971263,15.776895379381042,18.506430915598212,20.200908302560016,21.135189040152188,21.70399289446334,22.35537633011546,22.843994467243846,23.034012908101662,23.224031349336233,317.7478667092308,94,54,23.98410511428465,-0.8627272294619498,-27.694364059387777,0.3992390667139774
2025-05-14,17.30700759147054,17.65011077739704,17.973627585051883,18.278104774594016,19.316094070624477,20.089862463188368,20.628516958555352,20.95840526025838,21.0849384936264,20.23476125574565,19.160715422162273,17.034662233812316,312.2200278388051,97,64,-48.270168803281685,65.21392647597719,99.99998621079918,11.641499141446952
2025-05-15,18.79339424363251,17.393739776726633,17.841160725326667,18.430627032637112,19.665745302472367,20.10625396159345,20.326640339811235,20.458872666176017,20.609995327906972,20.723337324211553,20.76741476721889,20.81149221022623,320.46699423898934,95,68,20.987801982255583,9.474197910131654,-24.664118172430847,0.17410536294941628
2025-05-16,18.259686482233153,17.10916955844104,16.774594554811195,16.864744619609148,18.301462620732444,19.474293297615052,20.18969069466806,20.639372493891344,21.158969623995343,21.54930094927922,21.70110265050245,21.852904390455357,315.62969534307547,93,65,22.460111353243818,-1.552985846619128,-16.56263341481851,0.5027763230398437
2025-05-19,17.724231382486636,16.09970808898953,16.267853808201174,16.92014041863575,19.100595790095085,20.076590023668484,20.574042811194147,20.87281750612626,21.21429020464498,21.470395026976597,21.56999134688791,21.669587666799234,296.8913092189982,96,62,22.067972946444524,2.6523697233825305,-24.125600504728467,0.27828971129349445
2025-05-20,17.755847682333894,16.087674920529757,15.829290033830379,16.189239508587146,18.544850133507758,20.046474693402057,20.88212183450648,21.39208353657191,21.9763719179922,22.414685135539862,22.585140655815607,22.75559617672214,290.26004485260495,93,52,23.43741826036765,-1.038962936734992,-23.899960274086805,0.4100951419684675
2025-05-21,16.95703561170201,15.140949606439738,15.28556699926006,16.051354555764586,18.94125447565611,20.350049687905486,21.07976794377837,21.518822409886766,22.020696788010135,22.39710541555808,22.54348655101756,22.689867686477495,282.6580674235262,96,65,23.27539222831724,0.7344678416585338,-28.652364067131945,0.3145963455363219
2025-05-22,15.893593523173774,16.394233998812176,16.865480440997107,17.30829058481611,18.813374997959308,19.93324710586537,20.71718248841935,21.208959679595143,21.46709790723723,20.501386023499208,19.23689744310747,16.762420927986277,310.43759792664935,96,70,-42.11435342516938,57.47692640007073,99.99999516737475,9.725400508787375
2025-05-23,17.371509007344528,16.338589055343014,16.36533761828493,16.813468918692184,18.912977312089648,20.121162075857576,20.77718831510149,21.175360252804463,21.631091091789507,21.97292724028401,22.105863633084407,22.23880002600908,272.04762813679963,96,53,22.77054559771065,-1.9822243416422547,-18.564660125335656,0.38819430694432455
2025-05-26,17.15004776233671,15.414218563398935,15.407118019544875,16.01197360453119,18.629394721533878,19.998861859576298,20.71899891018133,21.15322780229389,21.64970626704008,22.022073173568685,22.16688253739188,22.311691901219152,275.41028025070625,100,49,22.89092935652827,0.27893053099106824,-25.918406113141497,0.3388743970912405
2025-05-27,16.09965891212525,16.301670051664118,17.435504834825913,18.154492294882573,19.281025707702327,19.657726332433953,19.846076790117664,19.95908706474235,20.08824166431342,20.18510761399172,20.222777705533282,20.260447797074846,270.32951693514457,96,61,20.41112816324109,19.189961552872493,-40.410601439940045,0.10650977088919678
2025-05-28,16.4407252067518,16.028188967883573,17.10627300668989,17.947945881858715,19.387268676241142,19.875494976118755,20.119616710327094,20.26608975801685,20.433487526814705,20.559035853413103,20.607860202645814,20.65668455187852,301.48054968307287,101,71,20.851981948809357,11.858356742666748,-33.11697050254657,0.13780112791226112
2025-05-29,16.62269338022784,14.931062391515432,15.121794887823249,15.891277363488589,18.697118702789297,20.044033439562753,20.73982428846351,21.158329168848702,21.63669904995927,21.99547863497353,22.135004030905048,22.274529426836843,290.61113523635413,97,69,22.83263101056403,0.5993126303058655,-27.595993668760187,0.31009455362247346
2025-05-30,19.05869521665743,15.782149890676655,16.067546362701897,16.930304498309567,19.121003875363044,19.94935113965512,20.36444019764705,20.613500692387554,20.898141345321076,21.11162183539909,21.194642025984994,21.277662216570896,318.66224890349184,90,55,21.609742978914507,16.11746971201301,-41.17334162578164,0.19880415466272033
2025-06-02,16.139826533708728,15.502794638756352,15.653298463686262,16.12097328305064,18.155702242969515,19.345872468579632,20.001293691403653,20.400709035955078,20.858261111386586,21.2014973872466,21.334978455209015,21.468459523688264,258.7243379834049,96,65,22.00238379762179,-3.495206688088202,-15.871159990251247,0.41354500005210193
2025-06-03,18.168764841687118,18.24838377978539,18.380626976188314,18.54119220751291,19.22021963938684,19.75667217377752,20.129248577084617,20.38511966133061,20.69696145295254,20.93630499728478,21.029619961869283,21.122946798169917,389.2830382142519,97,75,21.496258412144897,-3.318415339643851,-3.757369629028156,0.7913856339437139
2025-06-04,17.28929430693678,16.928135557175473,17.097397915261077,17.47228666870882,18.993735026467817,19.863127013155058,20.33976964394352,20.62997971227209,20.96237693032025,21.21172298942364,21.30869109255963,21.40565919602013,419.37896590317774,96,52,21.793531609872257,-2.9556366815768205,-11.181249146632604,0.41155359663245217
2025-06-05,17.51152088661771,17.29484246331547,17.376492145116828,17.61353133680541,18.87659682830246,19.82724678971564,20.42495486385312,20.808507822005296,21.256050336711315,21.59313738294059,21.724251059120455,21.85536507024811,397.15131455674555,97,56,22.37982116005274,-4.117380015000563,-9.384605914601734,0.5826432784826165
2025-06-09,21.502849435978106,17.985136260669016,16.73266899585238,16.535474437303243,18.105903357302097,19.370377436096216,20.084920995987527,20.52123837961381,21.021063674561578,21.39600146339829,21.541810822013165,21.687620180892623,408.36553419646134,94,10,22.27085761641698,7.41483610353782,-29.689027220964306,0.3927667445584978
2025-06-10,15.546723720867693,15.440415370267221,16.412906042270578,17.35693735924208,19.346416222275085,20.075803101456138,20.441232652476728,20.660497294860335,20.91108556262585,21.099026764008393,21.172115008990506,21.245203253972623,376.2955843001161,88,36,21.537556233901093,-0.13351433308809968,-21.00699863422208,0.20743558615195654
2025-06-11,16.595884389616042,16.0790873993367,16.142928354098743,16.47870707472623,18.218392196785796,19.389133587503082,20.073330471020984,20.498242832460804,20.987531122431903,21.354871794219253,21.49772964716918,21.64058751604957,422.82218341689014,96,42,22.212018992627378,-3.9602277075733854,-13.697228690311272,0.48543074129873365
2025-06-12,16.354575675100406,15.352660885973208,15.564026979982504,16.19855619212385,18.673008736490765,19.968921296595127,20.655087608528667,21.06945088872817,21.543320649090443,21.898736522406065,22.036953831826988,22.175171141262002,451.3042707226126,93,40,22.72804037900228,-2.3980533637646313,-20.86811838032148,0.35644190446638957
2025-06-13,15.77906622709785,14.858994734449187,15.220034105523466,15.977160299789164,18.61834274184342,19.91602693801959,20.592880954181997,21.00060904862376,21.466739496726913,21.816342828403837,21.952299686640753,22.08825654487989,287.9690287929778,91,41,22.63208397783645,-2.5598200070163526,-21.872104517944596,0.3338832962591383
2025-06-16,16.476691104439205,16.18661339039836,17.106270349358404,18.01791764006762,19.926457790645102,20.621567579742763,20.969688688614063,21.178565931121746,21.417282839479487,21.59632052102039,21.66594628606408,21.735572051107773,309.0696815167615,98,38,22.01407511128254,1.248979932042186,-22.023566382653396,0.20108924490762048
2025-06-17,15.166037572497519,15.78104085739777,17.126195644106616,17.982861234048652,19.335328756806774,19.78811157674006,20.014503399919406,20.150338493898264,20.3055786013027,20.42200868185603,20.467287046515654,20.512565411175284,321.3442072270978,91,42,20.69367886981379,13.751130851427012,-37.756207166297116,0.11317197429173535
2025-06-18,16.397524707853687,15.63249470359913,16.027988596691134,16.7260490684519,18.914935229319404,19.91303327009699,20.425383779743775,20.733358082610593,21.085368249005214,21.34937687634984,21.452046898784502,21.55471692121925,332.59943299639957,87,40,21.96539701095825,-1.4223149370802581,-18.93892016746572,0.3025455633931363
2025-06-19,16.937771916423273,16.561938195339955,16.848409850608903,17.33052127763102,18.93831929413206,19.723669391401465,20.13379865135538,20.380931080438852,20.66347483313574,20.875386624621108,20.95779677137028,21.040206918121502,327.78234440212566,84,33,21.369847505126433,-2.295474265968219,-12.266796142412598,0.33954930559648305
2025-06-20,17.632164202275355,17.921410227846636,18.194340146873905,18.451383319211487,19.328937576349237,19.984194631525334,20.440274572610633,20.71823703277984,20.814770956886356,20.04981997487972,19.086850356036198,17.169235601522303,336.2927516665667,83,34,-48.03695386701681,65.36311657404094,96.69270964302487,12.451025917799804
2025-06-23,17.161600163859777,17.483876979328958,17.78420119393686,18.0633883010822,18.984159276986738,19.625378923204803,20.027742883291396,20.226801486053944,20.135102581052436,19.128496384355234,18.087432297123744,16.221324197565796,335.83024404197175,89,42,-17.34504935322691,34.161577080398025,58.549043819796466,8.544813799782382
2025-06-24,16.43210823805317,17.051562326819752,17.572048813959015,18.00810559428282,19.132062715597797,19.635041335768577,19.820628461668207,19.84990673180032,19.73536087437462,19.5080525279254,19.3892568362401,19.259956611860567,354.2412319918524,87,34,18.720244937089582,-3.0235089952402396,7.8132179699146995,1.6939552488323562
2025-06-25,16.437390995852574,16.815309138962238,17.170924101242704,17.504894990259928,18.63693396455291,19.471149041250513,20.042230903912426,20.381386212438997,20.473277300022136,19.485816242999327,18.29079537802298,15.970551401817321,338.5868489754682,94,47,-47.833146427256665,63.86963957597574,99.99997873670142,10.945465908409153
2025-06-26,15.78347895901196,16.30316229480546,16.77829517127118,17.211680108570793,18.578301560549633,19.462583313867434,19.97959317177684,20.219507612411448,20.134278014656594,19.246911983306106,18.454282417417375,17.22775614677819,357.31950899891956,91,40,7.172353724659028,8.043917158828295,29.887021028671583,4.612088722496084
2025-06-27,16.680874577287334,16.957953417963395,17.219262262863683,17.465211385977014,18.303297219476974,18.92613055569356,19.35585454115968,19.61266418698049,19.679536366568655,18.892756608621934,17.9249703647394,16.0081744156847,388.76982538073526,93,45,-49.99999334823609,66.38759938552369,96.86327115179549,12.634783054669212
2025-06-30,16.92787751542675,17.388251197391707,17.743556018099383,18.020768755298437,18.66976733825696,18.96704036627562,19.127033181937414,19.22472843884667,19.336876850733482,19.421051735185728,19.453787273393537,19.486522821312153,363.0345989303525,90,45,19.61746501418151,-3.2923880104365884,-0.0006427761960018242,0.5964514212976673
2025-07-01,16.16731564881843,16.486261637592175,16.789469931636503,17.077330181743086,18.082792764586703,18.871741222934084,19.465350644316572,19.883006529277914,20.25989884939199,19.90232268679345,19.193682324761735,17.62307279754571,289.10150435331917,87,33,-48.235127543497676,64.06736126516282,99.99999999678802,13.084119868163842
2025-07-02,14.718584391426901,15.468784845770218,16.13259842780945,16.718116679151002,18.415382073449315,19.3455011800964,19.77033605817701,19.8690651227841,19.535452199825066,18.575135492425574,17.925686302771105,17.088604404637795,219.48617866726394,86,41,12.684715903903188,1.188410654989765,22.185767546362158,2.9284936930550223
2025-07-03,17.18965695442541,15.99646708648208,15.695382882185644,15.8161286215267,17.144478941450704,18.091187085701897,18.63408985341776,18.967984594311293,19.35121656230737,19.638767985973786,19.750594210954276,19.86242043765089,316.30116616071183,93,39,20.30972534450817,-0.1468005163575206,-15.238007514625213,0.4361168231249569
2025-07-07,15.52734405108919,15.03545276493186,15.351303138963129,15.798708443240603,16.953073644241446,17.41511720938243,17.647892685146463,17.78759163220182,17.947248623190536,18.066991378032903,18.11355800491766,18.16012463180242,240.6609632572783,93,53,18.34639113934146,0.6758897352234551,-12.14571810705919,0.24359541594765724
2025-07-08,16.129468951314294,16.194158467442755,16.28011029001276,16.379971584698577,16.82653264024767,17.240313564396164,17.575656372065524,17.83546126431987,18.188396113664048,18.48171005396891,18.59876025776399,18.71627233068694,243.72975902423755,96,51,19.186760922926563,-3.0910738946848,-2.9564554895334245,1.166999440758688
2025-07-09,15.107848189728594,15.390358971855708,15.645777778216047,15.876649446564157,16.59770963360482,17.076336069355943,17.392060049263737,17.598567082971183,17.816909913923006,17.91834351570891,17.929634319286595,17.921908501759997,287.3726947683238,90,41,17.797255652109513,-3.001816460539964,3.793714905345986,2.5868885989485713
2025-07-10,16.755817267024476,15.66202919361013,15.511557391808298,15.671020499114237,16.474670160466736,16.872813002944373,17.077792580572137,17.20100454454396,17.34183215952239,17.447453182053525,17.488528024316714,17.529602866579918,228.96605169146724,93,49,17.693902235632727,2.714507442351873,-11.167004629841438,0.2915695185843777
2025-07-11,16.477381328989647,15.845619921729027,15.876564356566089,16.096675908177126,16.876750431506583,17.23387015364838,17.416400283858238,17.52605537502759,17.651383231679358,17.74537928135183,17.78193330073952,17.81848732012721,219.91561419242908,92,36,17.964703397677983,1.0711374409942693,-8.790705100313286,0.2841145074509315
2025-07-14,16.270636254922298,15.965553282197044,15.903469217979614,15.960697673805722,16.438883585182047,16.788327524189235,16.994172430446515,17.12204791435386,17.26925746928408,17.379767696911994,17.42274468630104,17.465721679178596,360.60533272474873,90,59,17.637629650899022,-0.5954719490079887,-4.838340903042341,0.47455067850465205
2025-07-15,16.14009267693781,15.467646071041216,15.321464530730058,15.406204127184612,16.119961221469108,16.582132994377954,16.83803457390775,16.99390307477065,17.172407999286587,17.306308923036028,17.35838157897412,17.410454235010125,164.07914796388732,92,51,17.618744859156717,0.31260022183422476,-8.177489006256891,0.39725410591781185
2025-07-16,14.66647630596838,15.033294498074403,15.361815880943666,15.655388760904277,16.53792212431101,17.065752528941854,17.351986492331495,17.47602248693181,17.44230600684666,17.10460111292796,16.84199279983993,16.483819798132874,252.40344463653744,97,75,14.452505054294646,-0.19479340973391612,10.502243342734383,3.1021369708171136
2025-07-17,15.187034509583551,14.850330132926334,15.09251020513081,15.433477566151492,16.329078859064932,16.692704904490093,16.876193778006648,16.986323685739645,17.112187739936772,17.206585797011034,17.24329615254288,17.28000650807472,152.16227657550573,79,41,17.4268479302021,0.18346780176304572,-8.9386092724941,0.25158032446125284
2025-07-18,15.200878180925553,14.851559083336703,14.86436828390069,15.02449511112887,15.784973867652793,16.23155883426575,16.47603075121611,16.62471270477363,16.79495580571886,16.92265771422658,16.972319634994072,17.021981555854175,167.02202691999997,91,43,17.2206292392971,-0.8712229799995663,-6.5834165790146155,0.3997128537275509
2025-07-21,15.09234706621812,14.580403188027692,14.515959629802563,14.65063925724273,15.48582751301672,16.0242099245047,16.326470821742326,16.51143036925344,16.723484438485425,16.882573203442302,16.944441277379067,17.006309351776792,168.3567736341226,95,47,17.253781649384248,-0.7198224926732887,-8.04440482824105,0.4235495415840745
2025-07-22,14.874910110554008,14.781311798646687,14.847543319813402,14.985715327629507,15.602870333446797,16.003807594510707,16.237518404726583,16.382721104633998,16.54997943376212,16.67556216787069,16.724401146399213,16.773240131896074,189.03682765033327,91,49,16.96859607437842,-1.6811624962056144,-4.256263874555234,0.49353692227158186
2025-07-23,13.983194094134813,14.426354915907323,14.765253517153214,15.022884276350158,15.547860635900053,15.681127842716224,15.682924597746538,15.64719410066173,15.568872225782622,15.491334556627011,15.459396327048468,15.427223651526608,243.33570046301767,93,49,15.298345339324586,-1.8918625311508042,3.702905677215426,1.0674621740369263
2025-07-24,13.636308318479816,14.829514194771201,15.202064970386981,15.303498438638682,15.282750869018953,15.247061556488122,15.228594961913284,15.217504225647787,15.20482879907506,15.195322226231879,15.191625225681436,15.187928225130996,395.40493823117606,99,62,15.17314022292923,-5.1635191892723835,6.103226734520448,0.23605219958930376
2025-07-25,13.554168741310665,14.67721116348503,14.953973124723356,15.030959519637815,15.08454076234079,15.097465688858936,15.103908974511956,15.107774886657122,15.112193071675334,15.1155067104385,15.116795347735287,15.118083985032074,301.66875928438293,94,54,15.123238534219222,-6.367563319746401,5.906346600337943,0.167639711557684
2025-07-28,12.516181324706563,14.681680350808126,15.013638265386067,15.028893261613796,14.93622101301722,14.898249305056288,14.87924953623888,14.867849652989058,14.854821214934155,14.845049886392932,14.841249925293566,14.837449964194201,471.3898263600669,103,82,14.82225011979674,-14.466525210004304,15.978585018504875,0.15078614263810486
2025-07-29,11.040730232977683,13.478317378828347,14.393594847304922,14.73104050273487,14.897593591426137,14.88152099252637,14.871121404623999,14.864819932239735,14.857615663457654,14.852212423650455,14.850111163716146,14.848009903781836,426.18309074220247,101,62,14.839604864044597,-10.231435114815998,10.71468491534872,0.2608911497109854
2025-07-31,13.686129150917711,13.46246692857404,13.477133902267472,13.6079557853171,14.333860775983904,14.844351382873105,15.148650048893728,15.33903466278149,15.558808513661603,15.723887553293032,15.78808746189092,15.85228738693526,275.1450192711298,98,55,16.109087088421283,-1.7456494681212695,-5.848167245762027,0.5072542131891514
2025-08-01,13.472586756073666,13.668557543686669,13.847543311761548,14.01077774794521,14.528024186460955,14.872120791346676,15.089625441706161,15.215363898631125,15.288734647340647,15.17469718840654,15.043746972357084,14.837171039781577,325.0825027875741,100,39,13.34827771097328,-0.08997136215900811,6.6428372618979825,3.758812812359468
2025-08-04,14.230411238164523,13.543004259289653,13.328985735249876,13.375793291564234,14.314665099330265,15.150050115613302,15.68391237855888,16.026318633996734,16.425117647917627,16.725263936029254,16.8420023896048,16.95874100279802,339.43634774569307,98,50,17.425695473528464,-1.6822153328194125,-10.961941956846164,0.5539568118928365
2025-08-05,12.374804535174906,13.123688424219205,13.919485528882166,14.409819384560196,15.18201838606117,15.440588327858087,15.56987363890742,15.647444825618518,15.736097610431234,15.80258719904077,15.828444261277813,15.854301323514855,292.14033363106057,97,46,15.957729572463023,2.5799549604790895,-15.772004540681085,0.11760293385728493
2025-08-06,12.708742508099407,13.184768264286753,13.608383290583848,13.984346330354429,15.093288875925836,15.727668294600967,16.04454926251485,16.15267748582296,16.01827127969262,15.48708756917622,15.107385366421832,14.606310131486039,350.4701057852369,100,39,11.885576834431777,0.289526015708041,13.856534717009223,3.0052736359412155
2025-08-07,12.960311068809322,13.489768892436551,13.940595157433428,14.323286338561367,15.338777956681072,15.81554520893324,15.998819577294393,16.0275348665307,15.89708769266707,15.622187510108564,15.470866825206542,15.301188393825074,358.6866084873497,100,46,14.573395318408691,-2.233217083061832,7.985165659256921,1.906655812150066
2025-08-08,14.110017076145269,14.3158786971205,14.50996585185316,14.69256189386424,15.313499484871045,15.7717724144764,16.08288935670108,16.261103023158668,16.270118721519555,15.58103229321803,14.761892254880472,13.14314882026116,358.6649873802982,96,40,-49.999977551012876,63.89206921568083,88.6825309242986,13.830550782945492
2025-08-11,13.330778025804268,13.695446786625782,14.17780719435096,14.527275007310761,15.137198161452321,15.346401985989917,15.451021635719888,15.51379347045206,15.585532710329005,15.639337140236973,15.660261085201183,15.681185030165393,320.3633359708118,97,47,15.764880810022234,-0.7302341939643548,-6.970805243240301,0.1630217203910727
2025-08-12,13.04730326695158,13.492055762624764,13.865504607151998,14.179022708650953,15.003618090813674,15.411090402938335,15.610998987657224,15.707907344602788,15.774944371300503,15.787351206036403,15.7854035038984,15.78162862116642,187.14659890679889,86,63,15.763616146492852,-3.2458944615288736,3.433771914989324,1.4467629993091773
2025-08-13,12.79605553989842,13.12997365638104,13.4406482111333,13.729180064564826,14.682281675594005,15.357650165613249,15.806035966644371,16.069876341881713,16.17972168808646,15.67271808485877,15.087394108826228,14.050647151326224,279.2040723725902,88,49,0.8625258655689795,11.575217769379785,30.333462717443958,6.321782664465027
2025-08-14,14.257648724308508,13.805159168838335,13.844573162985492,14.072923220101318,15.076112262600486,15.637655132653908,15.940391050423576,16.123858294239252,16.333791714055618,16.49125534261253,16.552491234308903,16.613727126039233,223.7051198400228,93,49,16.858670692961272,-1.0169368502068827,-8.643834821507202,0.38031677268475195
2025-08-15,13.92974117383741,13.87510936755859,13.991751511331383,14.194382927933578,15.131941006258739,15.810066490115116,16.23436353846513,16.50663724141078,16.824498840758675,17.063968293208962,17.157114484022173,17.250260960016156,203.1945279398145,93,48,17.622846904722184,-3.326252797799074,-6.118571976535751,0.5917303184629509
2025-08-18,13.092467686084412,12.782898277578543,13.022725625797376,13.475071368690688,15.264592575617712,16.29359213846121,16.86120446283805,17.207469883068487,17.60425367447624,17.901916439284555,18.017674520964835,18.133432603346108,217.69856432454685,95,46,18.5964649328962,-3.972836083699732,-12.443769211973303,0.4230768065723133
2025-08-19,12.810757716619246,13.514697811998925,14.078805011454614,14.529397991025816,15.570557944984785,15.94756402308408,16.049600441282248,16.044466302323578,15.953004097474604,15.828521878663638,15.772640714907185,15.715280948119453,279.13699303809886,89,41,15.484102328945198,-3.5493781055310256,6.295990108785737,1.2627770187896488
2025-08-20,12.368816483574323,13.160648312619331,13.786877746565501,14.280774534162562,15.39342446635216,15.783063292579547,15.890476788476441,15.893834856611576,15.825930797155085,15.733326796051935,15.69255247929244,15.651000163529948,260.00401664920776,87,47,15.48403144853104,-4.114111404871502,6.2723370039295965,1.160567330131124
2025-08-21,12.789558666275134,13.518595297098969,14.070353521941822,14.487796975368582,15.358458644536167,15.64028870338131,15.729367588187062,15.755920682191086,15.763162344312276,15.759473220573675,15.757431531097641,15.755339500053347,248.08905037178727,87,50,15.746944573465084,-3.9203798404543666,4.059641819741686,0.904250480970848
2025-08-22,13.555963621820394,13.778729881110928,13.989461735409385,14.188445682427616,14.87242898733156,15.389884135395508,15.756509230075563,15.986739955316136,16.090015772861136,15.520335814570913,14.767901112849241,13.232569097579614,218.09684499885012,83,46,-49.99976179285335,63.32063225813887,90.14644016145456,13.893299526463782
2025-08-25,9.06482642259721,10.805148900254574,12.10618706143644,13.07753248100932,15.0356163149965,15.614351664923607,15.76643969436942,15.791555133206554,15.766214643685885,15.726921390330387,15.710376450828024,15.693734756536026,451.8871084832642,69,41,15.627119751039462,-8.887667120655166,10.019805931622216,0.8826050011056041
2025-08-26,11.30483350004858,13.670606451956475,14.751749177952131,15.23956465868566,15.590190758393476,15.574548080497777,15.556913433022654,15.545767143926705,15.532975619721782,15.52338018258992,15.51964862160889,15.515917060627292,277.3183347444,82,61,15.500990816700888,-9.334801123927408,10.017539939465964,0.3279345685354513
2025-08-27,11.405528288170295,13.219510895925142,14.00746798658711,14.422283102219746,15.051618222323635,15.2616180254015,15.366618014587873,15.429618008136703,15.501618000763964,15.55561799523441,15.57661799308403,15.597617990933648,384.73319533744353,96,59,15.68161798233212,-9.509024135780988,0.0033535632493937838,0.13255244449750786
2025-08-28,8.675924792485379,12.482797430132868,13.747573345839118,14.298701737976709,15.04061080085082,15.281666962743378,15.402177346281002,15.47448353809774,15.557119185757976,15.619095921503003,15.643197985403846,15.66730004930469,486.0854864142897,103,63,15.76370830490806,-21.310320667638482,12.14271610477967,0.15774282410798393
2025-08-29,9.388906842525419,12.607974042327802,13.834329751705047,14.389719635236874,15.107742662554424,15.333019717921468,15.445528028132166,15.5130321084241,15.590179618866426,15.64804025166093,15.670541608858791,15.693042966056652,510.7574216657617,104,75,15.7830483948481,-16.020284274101996,9.027987486907367,0.19308125397997766
2025-09-01,11.67782484307336,12.927391064566201,13.751007608391873,14.30749549846111,15.325827774120716,15.680247739797961,15.853910168466548,15.957386783801283,16.07545717777933,16.163992244510023,16.198422429451547,16.23285261399219,285.66837375857904,88,21,16.37057335213513,-6.63075489503197,2.0405959377428236,0.45005218585371365
2025-09-02,11.467679653056539,12.254666565149313,12.93281700064277,13.515450369781085,15.10607212705148,15.894359372396316,16.22106398605107,16.289796660278185,16.084513769228185,15.587459067849002,15.296711530528466,14.959601024503513,407.45731591528187,96,75,13.461837419214499,-2.905069435838463,13.629105809964368,2.1124197284894435
2025-09-03,11.507772271830413,12.264764944450974,12.919521598562628,13.484592562649311,15.050371461297445,15.862506964701597,16.239252493812167,16.370127676368394,16.295021075245494,15.964056437662487,15.757907614847086,15.515575079442204,470.12642772884936,102,61,14.433291083529,-3.798985898926049,11.710529765090403,2.0692241243895837
2025-09-04,11.862199989453185,12.922058254993843,13.65819193988957,14.181839728878698,15.235879930404852,15.647794401311748,15.857667029051306,15.983860587913496,16.128116473993913,16.236310167683428,16.278385497955693,16.3204608282336,400.0133957704455,99,55,16.488762149345373,-6.187992983742988,0.006353330188527453,0.408389999767293
2025-09-05,10.35780669519837,12.452141842373981,13.584881676048065,14.245561978700762,15.289085765087911,15.635378346647023,15.80816578411334,15.911824952295078,16.03029188518311,16.11914207281439,16.153694923556042,16.1882477742977,368.53225956062084,95,56,16.32645917726431,-10.11808369385687,2.3938436123256612,0.26839805891794927
2025-09-08,13.703384774976469,14.181963548533647,14.541753240076492,14.815924358994344,15.431878261018074,15.70093664298027,15.84288634937546,15.928977644853765,16.02758789017457,16.10156797183277,16.130338209892443,16.159108449297673,304.4683820331977,97,45,16.274189407030732,-3.2157443762470175,0.0002404797729789426,0.5368410120386053
2025-09-09,12.97273705556016,13.387261128990373,13.762552355310584,14.1014674947874,15.144002344352426,15.787807559176224,16.141556825359913,16.286823428281345,16.180235601752038,15.54765499159659,15.031942173988488,14.28275340960844,321.85811324674137,95,47,9.17808403001447,3.3378326807617156,18.27050837199552,3.896476931439981
2025-09-10,13.01483851228901,13.48042939816015,13.880727423454255,14.22425000686603,15.165774417042895,15.64891752165964,15.875833546146236,15.962496149301415,15.95000823385961,15.813609052931508,15.727847989193732,15.628362670132432,372.28968280194835,99,65,15.19337344891695,-2.7191743156317343,6.159400476605973,1.907697902961895
2025-09-11,11.955129125225016,12.79814580626287,13.488995568542084,14.052505143915742,15.404828388145905,15.905919525775975,16.012728016679098,15.948998026297872,15.679641371692357,15.315802309534657,15.144825200400849,14.965362450532488,211.19894016015053,84,52,14.232684030526826,-3.3021953722476938,10.490002096790581,1.5302989158045874
2025-09-12,12.010869165871293,12.952600106383422,13.680099542808023,14.240535950474072,15.439323772966894,15.819157362408607,15.910159281372307,15.905995675099692,15.841489001016365,15.763816108196474,15.730946025827377,15.6977468132411,354.1713065773886,91,44,15.564701599218463,-4.770047035900656,6.689271424201246,1.0398647793619393
2025-09-15,13.578260163338786,13.863777065484978,14.126264144481484,14.366983256712647,15.135283078702702,15.641128556045892,15.939719961554545,16.075877098838077,15.999134064474665,15.371752952621456,14.793663825913338,13.861966299279874,207.47550894457927,92,44,4.6816767641930905,8.586708928212268,22.648199244409692,5.449970964928047
2025-09-16,12.031538408785284,12.758431582360899,13.381590702267198,13.913360956886297,15.327930322799514,15.963938179540605,16.149397400238325,16.08414029131138,15.632879909089036,14.832418255254384,14.383891228019204,13.865674501128188,278.1915789325251,70,33,11.544259473393328,-0.35725339029483405,15.991414719291075,2.2496157047968097
2025-09-17,12.890588658966177,13.387866153744627,13.823734536573738,14.204485786680818,15.282022212968009,15.844648485463782,16.082309583807355,16.119845840445713,15.891052128568756,15.32469421444046,14.964840111052128,14.519420057258937,226.7461532138253,92,43,12.333490963708824,-0.008552932061287459,12.715662104802863,2.640578683474033
2025-09-18,12.52232217534906,12.924692772557178,13.292586175992556,13.62831371472622,14.69091862356588,15.38968775452596,15.816199753139776,16.040821999621958,16.087229887490288,15.631557580654267,15.194189273241484,14.515233509259454,402.1393075647861,99,50,9.289266646931871,2.793742726784571,18.255923235332133,4.214083987812348
2025-09-19,12.517941796728007,13.054233848688549,13.513058634437602,13.904918973345598,14.967728810069842,15.504400277230863,15.753707598035037,15.84929960336522,15.84245221721601,15.711678999940013,15.63037251792558,15.537158164495809,415.0455358515094,101,47,15.134894341710606,-3.2428161850627912,6.576721731415152,1.818078332836609
2025-09-23,13.308951963495195,13.755116668388006,14.141833823721745,14.476031234531153,15.400846739434769,15.870366794125516,16.070525957594135,16.115563375578194,15.990472248724089,15.670719060961618,15.477875479524673,15.249941683770079,238.18260999876662,93,41,14.212774921094118,-1.4172304205938002,8.439170670758575,2.2406414608152527
2025-09-24,11.939171540380345,12.631517442342362,13.209079091256516,13.690107225759476,14.922756634199269,15.486999424123127,15.724425514590235,15.805770306125304,15.794768649917412,15.697667243685752,15.643587967815328,15.584866906883203,388.2225721821331,99,64,15.342061856973388,-4.231653278289081,6.656930247872365,1.5037011517852525
2025-09-25,12.669398534399864,13.13157021308344,13.543797639629085,13.910550248443982,14.999624241911025,15.632494945944607,15.958052584132506,16.079949615354067,15.977285580088623,15.487642883981858,15.128545287648892,14.649450476736039,424.15948697671155,80,40,12.007715901557006,0.14468595317941035,13.448362404636358,3.0448982576522066
2025-09-26,13.736471406307677,13.1322730061569,13.00963837537942,13.140947246521566,14.296030391961407,15.217668839751095,15.788824670254812,16.15107878875336,16.571235687862018,16.887146234875953,17.010010190624715,17.13287423362919,221.86972545279576,96,51,17.624330414218683,-2.4158859724840602,-11.369538323416226,0.5347563158539664
2025-09-29,11.318096497734036,12.933070380601944,13.77275389562865,14.202552881856878,14.84794344602365,15.063077265878299,15.170644175807116,15.235184321764407,15.308944488572738,15.364264613678989,15.385777995664752,15.407291377650516,332.1861716788957,101,36,15.493344905593569,18.364270755998664,-37.84801639308665,0.06625024485480434
2025-09-30,12.24074462770384,12.698330242637441,13.114131818572902,13.491037368651781,14.661229287321104,15.39659948423107,15.810199445444727,15.988273456597117,15.88412360211101,15.153984557950931,14.53881410022508,13.624475082545407,412.40002539839196,95,70,6.988708471558424,4.749581587025353,22.16212529652521,4.1382046830354335
2025-10-01,10.52633270941168,12.579651111050605,13.476394662813643,13.949461657654615,14.667712578031404,14.907406601303588,15.027253733163741,15.099162012335483,15.181342902817518,15.242978570679044,15.266947997069638,15.290917423460233,373.91465380537545,96,54,15.386795129022605,-10.72139652596867,-0.0017765791902827808,0.13411753865501896
2025-10-02,11.555759563125768,12.391513950020922,13.079997384156908,13.644816569431718,15.0225722219615,15.55895774905591,15.697862701959263,15.659781273391046,15.424423939142606,15.086054638953748,14.924187402880149,14.753352206189389,339.9801565134702,93,54,14.05385215021802,-3.509046551424662,10.271522229348076,1.5531324301988971
2025-10-03,10.471340071407331,12.289923233389771,13.273012941686101,13.852431820840001,14.791983326462345,15.111016969800598,15.270574765612153,15.366309749225998,15.475721163173592,15.557779723654688,15.589691386064004,15.62160304847332,511.0146719759859,101,66,15.749249698110585,-8.948392958015987,0.006666195140041423,0.2141308715122421
2025-10-06,13.472478901486966,13.00246243790194,13.090074113664912,13.379818014401591,14.55128297939046,15.18100905004096,15.516965819665987,15.720140036807706,15.952543666750344,16.126856158280244,16.19464437111465,16.262432583964593,243.16472628552071,92,47,16.53358543536465,-1.2605638618713362,-9.803367133832056,0.36761732991468715
2025-10-07,12.147295201804512,12.551485348897794,12.919255078267156,13.253298026848615,14.299769091279712,14.978301482645382,15.389797947020643,15.609394597956047,15.68132924702346,15.34106549837865,15.013488313470175,14.518652237622186,303.67917856623427,94,48,11.108728443782855,0.5950612834062758,14.435356486937614,3.727071384298067
2025-10-08,12.404351351691062,12.762454781596901,13.086808885600387,13.38009527852888,14.289431065743019,14.869477418464106,15.21632844284132,15.399778722680365,15.464316609428954,15.211669667303102,14.972932576772275,14.621589935922573,346.68972520757296,99,58,12.380583240536106,-0.3709842634104426,10.940649307647174,3.4145128351972263
2025-10-09,10.867678903752756,12.63605113505665,13.547484237734327,14.066588273554622,14.882275913250277,15.155599083807486,15.292231867268367,15.374210898827718,15.46790120392996,15.538168932616598,15.565495271550281,15.592821610483965,381.3723433987004,94,58,15.702126966218694,-8.617543492742293,1.2859376656852404,0.22363181746216332
2025-10-10,10.3425000366927,11.931722292122936,12.893491780190255,13.506504004315959,14.577519103033088,14.95426569020739,15.1430483571677,15.256327012304027,15.385788695060157,15.482884962611308,15.52064462221609,15.558404281820868,371.603351884507,101,65,15.709442920239988,-8.129287545496021,0.0005060893591398737,0.2787108484232148
2025-10-13,13.363156152923635,13.189371389078783,13.355468359152473,13.631874996454993,14.600534069292587,15.100746879398402,15.366475925861781,15.527109179585395,15.710844803011566,15.848654022912978,15.90224651445171,15.95583900600327,342.12244747622356,94,34,16.17020897220975,-1.7871234175576278,-6.910562088745817,0.369701743155322
2025-10-14,11.736257849995004,12.21729694097694,12.651673755268567,13.043044865919004,14.242587442667768,14.984155641356296,15.400560200351894,15.588943952320072,15.545134230397341,15.003145400386696,14.556216710687156,13.917621938345107,222.14394505663034,99,57,9.87489694963065,1.3297133956508136,17.1273073905162,3.5367079860544393
2025-10-15,12.163354212176547,12.512693876489475,12.837013046222731,13.137545819659302,14.124606583565104,14.816377114205137,15.268931197330485,15.528780556079688,15.617718649311662,15.073135273066015,14.46898907842803,13.419055447037197,311.4523054448779,101,54,0.9402358384277749,10.847466257578704,29.665663245174716,6.043032999247589
2025-10-16,11.971718838958035,12.25221015644816,12.584211420261624,12.92292804068282,14.036171567478027,14.710591465471241,15.110371413609794,15.362183751320723,15.654151686523727,15.873746360761036,15.95915406981015,16.044561902233216,262.28701075209636,91,49,16.386193247611466,-4.5627170737791705,-4.370188436977498,0.5736621947712863
2025-10-17,12.076910856850194,12.444429955184201,12.784107037451818,13.097462011073572,14.115472414759711,14.815610139181402,15.264212563242445,15.51508655759636,15.58945287911784,15.064459734269953,14.50789912453338,13.57383948313229,278.77460637223646,96,48,4.045418237352017,7.634531674630557,25.33747960733718,5.367966110793837
2025-10-20,11.264040437674161,11.883163630004214,12.417376068183422,12.877722575234475,14.155614931563024,14.83451843707552,15.17605122443227,15.330410439442648,15.383040122932156,15.27837930016197,15.200468681305127,15.107075791121787,442.7594706428933,79,37,14.69240334738385,-4.14505444776648,7.46720395031666,1.8847553276198699
2025-10-21,10.282156197747765,11.216419585332774,11.957532475965177,12.548347328548259,13.966324961553248,14.611628645852598,14.943053561351256,15.135396580557225,15.346200524358045,15.500051733844824,15.559571085058751,15.619063558734661,388.64883206920473,81,43,15.85701906633454,-6.757956852748079,2.773367053003194,0.8957836971496635
2025-10-22,10.94709980471038,11.853025559954459,12.534564709303028,13.054242263117478,14.222995412906961,14.73413280809895,15.00392352176636,15.16757289667018,15.355027176958098,15.495661526536804,15.550353068606414,15.605044613364198,385.1598304827996,95,57,15.823810792621755,-6.096610396214367,-0.000550542811686874,0.5382001101302923
2025-10-23,12.664204378833993,12.458507614802372,12.782117268259551,13.20115738857431,14.34118256250283,14.824512586710743,15.070039677135629,15.21747967498657,15.385989051980884,15.51237120789262,15.56151982412896,15.610668440365298,295.8999098274667,96,53,15.807262905310656,-1.1665173136543425,-9.403708334877155,0.27898335118229656
2025-10-24,13.083667061889573,12.364100937161187,12.40772788435888,12.740335512869,14.202644783957693,15.010997904626857,15.444483977871705,15.706871805048785,16.007046804508928,16.232193042440887,16.319749948131268,16.407306853849427,162.55440134429531,93,33,16.757534476722565,-1.174749982099398,-12.956458049133792,0.3717597484578702
2025-10-27,12.0473177479515,11.967790008225881,12.256547103281207,12.670781652631653,14.13596829946128,14.935827756916467,15.37140678098609,15.636341317849904,15.93974394731423,16.16733710238357,16.255845716849024,16.34435433159966,259.8419341234878,77,30,16.698388790611222,-3.7034309061658646,-9.166095033052901,0.4126427741203805
2025-10-28,12.43149450685718,12.287292350692049,12.479203257839275,12.798762442820143,14.023547845028567,14.725524600815943,15.113618134957795,15.350585116676587,15.622190646639353,15.825953028627751,15.905194238054031,15.984435448127254,187.2194566907094,73,36,16.301400288444903,-2.9755715871066775,-8.096798440634236,0.429399721365246
2025-10-29,13.160853493184684,12.022241925987297,12.589349482962449,13.21799438656118,14.46326015419437,14.900826811931175,15.119689818047878,15.25100785470658,15.401085611979688,15.513643929936293,15.557416609141638,15.601189288346987,203.8221884993559,72,39,15.77628000516837,9.103012552720909,-24.863720816842566,0.16663976696399668
2025-10-30,10.456742579514257,11.11624909233782,11.708347772311612,12.238876293444466,13.846035660167066,14.825217116804946,15.37452363704762,15.633424100907082,15.641191679863407,15.118505814849673,14.689947331712734,14.095897605300989,694.9830638183904,94,54,10.672001871227408,-0.9485330115169973,18.294365077554307,3.114074144803373
2025-10-31,13.558308697608185,13.08425461366136,13.219883469365536,13.523661982816161,14.52022325757072,14.978558748904463,15.213824585920536,15.355235318771161,15.516864663698957,15.638087091677608,15.685229147273736,15.732371202869894,585.8887018325432,91,27,15.920939425254524,-0.1377232584213743,-9.300041508784503,0.29970267383628185
2025-11-04,12.041994365464014,12.09750988448072,12.391227559441715,12.762508930182786,14.03792732584663,14.74545738252619,15.135788160181598,15.374190930919069,15.647491029748785,15.852531504595854,15.932269814715065,16.012008125742,237.91268130575358,86,36,16.330961369887834,-3.7844908239527646,-7.137866890798992,0.4380280143842925
2025-11-05,13.49095733737943,13.297997371040584,13.327560847937736,13.463015112261704,14.167028785534358,14.648605878369363,14.93284599204261,15.1100615514736,15.314396981853115,15.467844647827002,15.52752057941554,15.587196521912011,190.07105727967755,86,34,15.825900292705938,-1.7114333378336952,-5.47124860121529,0.49849855420304195
2025-11-06,12.499707713533851,12.790850990941902,13.06159175208485,13.312976926682206,14.14421794841369,14.737581614159092,15.139796766960274,15.38924744192019,15.550022235604393,15.265987828577657,14.892557849293297,14.22365934138,361.91758296123584,90,39,6.48625574056899,5.700807495756715,20.431445343444356,5.68707050039274
2025-11-07,13.214649838387375,12.496747291044784,12.796258751331806,13.325096169074206,14.86960842837816,15.531666744488458,15.867773924562492,16.06958695411116,16.300237551114456,16.473225621005316,16.540498759335957,16.607771897666602,254.20758672741465,94,24,16.87686445098918,0.32543293213116614,-15.179951906237942,0.27172797092080786
2025-11-10,13.894109346868033,13.039491737939684,12.810468741664677,12.897351779656399,13.983776903250767,14.826594113178839,15.330062336453379,15.644091290055515,16.00600927765917,16.277752801684066,16.383433344323596,16.48911389919034,254.92587231193383,90,28,16.911836119446782,-0.9855314317572581,-12.163477866167264,0.48222897711794666
2025-11-11,12.078565497313402,12.197113223251549,12.395292645797891,12.636936244750533,13.667222573207939,14.489566898792967,15.064971813170615,15.462075284127248,15.947756821761486,16.321225296312644,16.466879277947054,16.612555290858424,306.78477176957387,93,34,17.195267619383184,-5.102277353736074,-5.773097299100601,0.8037135229661866
2025-11-12,12.386660054094383,11.938509423344303,12.336921975805518,12.890897353581135,14.389237051714868,15.013157517462854,15.329044445360084,15.51868213021249,15.73541555702806,15.897965699935739,15.961179644419852,16.02439358890397,271.9792121866825,93,37,16.277249366840426,-0.5398067728503441,-13.736822441015608,0.265667519428406
2025-11-13,11.845904947202223,12.236535470648121,12.598537686261501,12.933353838530962,14.027350596805775,14.785740073734143,15.27357291888607,15.54458461795188,15.605506969990795,14.949309095585708,14.25192960297601,13.059225525816919,369.3680688891765,97,34,-0.5668356933074666,11.991970457056707,32.64824301731763,5.917187595989994
2025-11-14,13.548462962059773,13.044623812162628,12.89832181325217,12.951457566771717,13.748033786483536,14.458089457841787,14.917453421668526,15.214095958216236,15.560710131260167,15.821817609792944,15.923377879342834,16.024938384819166,237.0713136909492,90,33,16.431180436845903,-1.7630967979939318,-8.868187262698127,0.5731791894763957
2025-11-17,11.654833873182675,12.298422830265768,12.854036126988763,13.331915034709404,14.633739288608602,15.262558527449006,15.494924722061455,15.501138430863973,15.208371974486274,14.609054061691408,14.260414552479526,13.851836101158542,314.99637703488344,95,28,11.998174196942058,-1.0864164019185858,13.434454987745452,2.2774137656248112
2025-11-18,12.708553105366843,12.73465693673894,12.977024909451059,13.297593669646385,14.454028082310241,15.124403856331863,15.500883008851952,15.732088592222652,15.997522176638872,16.196704063119377,16.27416440028489,16.35162474006355,364.2009936849422,97,38,16.661466099316577,-3.496524244483716,-6.583877310701697,0.4610550842992373
2025-11-19,14.711060252904002,15.164257838478747,14.897593474801436,14.72819754185564,14.467595923566035,14.380639334876092,14.337161039187404,14.311074061774173,14.281260373301912,14.258900106947717,14.250204447809972,14.24150878867223,519.436095584141,85,57,14.206726152121258,-19.971051969104188,25.97148525496497,0.08695031232061062
2025-11-20,11.889114505819416,13.126677242094958,13.823899403046793,14.223581157052639,14.747315515710412,14.855618618702247,14.899760016589884,14.92519242490227,14.954078669191857,14.975731940524334,14.984152615825685,14.99257329106735,387.1194185191053,94,36,15.026255992032349,-5.361897400292126,4.102471165143647,0.4011672143826699
2025-11-21,11.073593869171162,12.582532891876985,13.592247300892227,14.260629664150347,15.24688892926212,15.316193629954013,15.23228601616731,15.145983882883902,15.028206990039086,14.935447437663932,14.899237672406866,14.863023712549568,334.9433762155535,94,45,14.71816685561111,-5.881600002424477,9.030177104541458,0.6901063031347793
2025-11-24,11.946633076963366,12.653283287769517,13.197224994318585,13.616677631808708,14.538901233575341,14.883323475235935,15.022710070192987,15.08634205859838,15.140793879390706,15.174127701008894,15.186572342189073,15.198972438799009,351.1770220203477,94,45,15.248548499916906,-4.221373484449751,3.4052629732848705,0.9111968751248433
2025-11-25,11.541040781222817,12.516629094620006,13.160572659671887,13.599704452223664,14.432618978993204,14.7422899463509,14.898511361213634,14.9923081714289,15.099509949145023,15.179911461222842,15.211178716141262,15.24244597105976,233.42254282494181,76,44,15.367514990733754,-5.351776765010896,-5.053596816624942e-05,0.3505410749645644
2025-11-26,12.511207947832144,12.135329346577315,12.196958092949371,12.461642022939136,13.79909299833005,14.690484759247187,15.2098689098777,15.532119814052747,15.90308773412945,16.18158360775894,16.28988978117563,16.398195965514375,266.98150589658593,90,49,16.831420703578765,-3.081031942856541,-10.370752240516312,0.48308618264954656
2025-11-27,10.912841621433452,12.677030289588842,13.356227318184708,13.701122064587512,14.219335206806495,14.392085374874398,14.478460459245031,14.530285509867422,14.589514139150154,14.633935611112202,14.65121062798633,14.668485644860462,418.48590893351326,90,41,14.737585712356982,-10.604012932072166,-0.010313741850769324,0.09765113174764554
2025-11-28,12.138361858675815,12.525448638455227,12.874566965410521,13.188949928063442,14.155014932681144,14.763692223620104,15.125513654351487,15.318672426135853,15.40286842553136,15.196665419452836,14.998091585873585,14.711067102434544,329.10459827223076,84,45,12.993451206005142,-1.2836633628491696,9.989418318890829,3.12747199093641
2025-12-01,10.755940952693516,12.810944340350058,13.527877334630665,13.884396457541158,14.418276724850081,14.596216535755849,14.685186440151503,14.73856838278886,14.79957631723155,14.845332268063569,14.863126248942686,14.880920229821806,394.15106102182637,71,28,14.952096153338278,-14.442546308671186,3.2470161103825976,0.09536295591523677
2025-12-02,20.295374600126884,18.883355098766575,17.73189516926646,16.79987606056889,14.641773786158009,13.982778611778269,14.021687919130466,14.35489374841968,15.221312320027142,16.293868381259482,16.794988947131106,17.32314349281247,565.720910578905,79,63,19.48966393591047,2.5266420623949,-22.344456561065947,1.6418262533616426
2025-12-03,13.645938031371498,16.789309277816734,16.897349479903383,16.440231069175784,15.128511515422666,14.625003579126432,14.372686861395664,14.2212929066785,14.048271200258649,13.918504920273055,13.86804025583421,13.817575591395363,592.4408021175066,97,55,13.615716933639982,-15.951349999295138,31.49786127503791,0.19476265849143434
2025-12-04,10.89208886404384,12.804710561614348,13.448056709980547,13.760658469500349,14.225285768472306,14.380031284802829,14.457404019041537,14.503827659581527,14.556883248770088,14.596674940661508,14.612149487508171,14.627624034354834,673.9660637036766,99,57,14.68952222174149,-13.008528002935762,4.532496331903148,0.1095409794152757
2025-12-08,11.984041378684836,12.590200394012518,13.073276111271552,13.459099963369974,14.37710644653325,14.773642580473764,14.958404382275958,15.05355353494015,15.143745646784522,15.201794837117427,15.223487664227205,15.245074103322265,474.9998521317225,86,42,15.331342375045217,-4.109375343831393,2.8382556700011854,1.0180061233482147
2025-12-09,10.84573234936117,12.319061894691766,13.148031539371848,13.649678037138766,14.481737617957497,14.766856390417278,14.909497311705906,14.995082777629442,15.092894757074845,15.16625374179691,15.1947822358555,15.22331072991409,635.3849584497167,100,56,15.337424706148454,-7.306837335451703,-0.0030524785016864467,0.23416353557724892
2025-12-10,11.693964804748775,12.202357121735348,12.646169396648151,13.032694908213486,14.12579086415472,14.711634824336702,14.990866155707135,15.08868437781015,15.019984993029237,14.72523115925697,14.533875456896132,14.301768472932723,337.28761707932716,86,49,13.220804316213634,-2.107991441015275,9.276158732206811,2.2933401055474896
2025-12-11,9.062262845941481,11.444617984319159,12.546286756074956,13.141760528306719,14.05509447805693,14.360391031629307,14.513040192101261,14.604629689348144,14.709303400489283,14.787808683845135,14.818338516261301,14.848868348677467,435.8727082109897,90,62,14.97098767834213,-12.029266708085874,0.1771907872931506,0.154554354630511
2025-12-12,10.510174287666482,11.456478811684473,12.168219109052966,12.710805332314642,13.930618581328082,14.46386088497413,14.74527266027023,14.915962354954651,15.111478131828061,15.258160084113662,15.315203483923185,15.372246886487458,372.3543902068949,87,42,15.60042049697571,-6.364867068930631,-0.00047057871616819867,0.5376940465352582
2025-12-15,12.221454333547147,12.37561193264938,13.070108269915204,13.543273756246341,14.30999190715676,14.567636251243224,14.696459329244265,14.773753176369887,14.862089001656495,14.92834087062145,14.954105486330047,14.979870102038642,196.48478675105173,84,42,15.082928564873018,6.4736096522524536,-18.99867262074368,0.1234226882854452
2025-12-16,10.76038065630677,12.579679491847678,13.132875378259094,13.404143777708404,13.810219951672448,13.945569506503093,14.013244283862203,14.053849150277669,14.100254711895344,14.135058883108604,14.148593838580425,14.162128794052247,293.2127330008469,87,57,14.216268615939535,-18.04927577398058,7.927880136613423,0.08023570635961981
2025-12-17,11.415364984932564,12.476209649525277,13.113656322739873,13.517812093643858,14.219889515201519,14.466057475191986,14.589377698147988,14.66337473479586,14.74794296073582,14.811369132796095,14.83603486637574,14.860700599955385,225.732021958726,91,57,14.959363534273969,-5.40460081048738,-0.0003691210808300369,0.2738117017330652
2025-12-18,12.053928504527994,12.800078582759546,13.31340035276165,13.675626899496157,14.39619823594209,14.674851280512094,14.816487487546468,14.901617155107164,14.998925803125378,15.071908120682702,15.100290135059232,15.128672149437586,273.89304950901055,90,51,15.242200206951043,-4.299692843296458,0.000772860099713925,0.3961276016669495
2025-12-19,13.821648163185593,13.908097622715589,13.990701798008644,14.069653104256417,14.35243025595587,14.589710305607271,14.789728362551468,14.959129608087508,15.22656509875087,15.503378992359325,15.633293484175091,15.775980707592245,305.63183075686965,80,56,16.413003743817704,-2.6818536152728534,0.011846847981119422,3.636482297124631
2025-12-22,10.639641295343772,12.20182444194923,13.027402739694784,13.507117851967593,14.276396912903358,14.536588379494498,14.666704843998787,14.744774844460048,14.833997703411736,14.900914847630498,14.92693818149335,14.952961515356202,271.8820053570324,79,42,15.057054850807608,-7.673048929166868,0.00015502520974876907,0.20349558475790314
2025-12-23,10.704284388968654,11.456681015910727,12.072380979793426,12.579323922755643,13.891987310843845,14.574639355293993,14.96744978359174,15.214671625507284,15.502472654134477,15.719463130146503,15.80388436411224,15.888306907351282,351.722540499747,78,43,16.225997464947255,-6.446645624378159,-0.009404071174156725,0.7845909850022782
2025-12-24,11.079611017170038,12.685608174649143,13.289762992840963,13.595158336109442,14.053699378989496,14.20655161234948,14.2829777290963,14.328833399144393,14.381239879199356,14.420544739240578,14.435829962589944,14.451115185939306,323.8613436579942,81,45,14.512256079336764,-10.068090197428242,0.0007887557005255095,0.09109823583512995
2025-12-29,12.429424757759676,11.82888856577197,12.040868031129044,12.459871024799831,13.765985335944967,14.349111205500263,14.646962137221262,14.825900515214819,15.03041509891322,15.183801327599607,15.243451527789611,15.303101727979625,208.52025411876468,81,41,15.54170252873968,-0.07262035708025641,-12.331442688581868,0.28853545795645313
2025-12-30,11.11981956783207,11.606617261029722,12.042577708487459,12.43263405975567,13.61704527763257,14.356985795996874,14.80462538307569,15.061666761927206,15.252035425715256,15.200981346375556,15.105313803474367,14.961096936459903,274.78596845833346,86,54,14.150377198017711,-3.573640088125283,8.400490733386741,2.611338834087316
2025-12-31,13.751656095129213,12.021899901859799,12.101368076336133,12.55591909805762,13.87316712896925,14.400632336148988,14.665800416130311,14.824920645195697,15.006772758089271,15.143161845988212,15.19620204683802,15.249242247687826,367.04377618440753,87,38,15.461403051087053,6.718819458681808,-20.934350196567383,0.22386867642634156
2026-01-02,16.346008978314064,16.08825829943154,15.852076144227226,15.63654309501419,14.963687135209412,14.556077588213153,14.369421087621806,14.365778019247252,14.782493209239206,16.11022966585001,17.262281258716264,19.163713500849113,267.78558983541296,91,73,45.411233594333055,-28.7849504945583,-46.35872469130139,7.526543783589773
2026-01-05,11.80299066399213,13.123402433339027,13.693938714580492,13.987581092415134,14.421866357899859,14.56551122230764,14.637324920413823,14.680413097969966,14.729656729168115,14.766589452566013,14.780952178331864,14.795314904097713,305.1107354524371,91,40,14.852765807161113,-6.678540225955094,1.8212670844310999,0.17741714761393937
2026-01-06,11.96111017154181,12.737355520619772,13.27426056965219,13.653226027796238,14.397783792339945,14.676434263274617,14.815334828324081,14.898270129115987,14.992895727217958,15.063844685576306,15.091435734179738,15.119026781468344,324.19418890096046,95,53,15.229390970525927,-4.411527793096379,1.0521084963100906,0.49278243934794014
2026-01-07,12.033884439842922,12.713128401726303,13.218921470621707,13.601092373122041,14.447398447054173,14.811247004632442,15.002054363537917,15.117568421164608,15.249813044582256,15.34901790746405,15.387597747440525,15.426177588327727,307.1900423938832,85,39,15.580496951942365,-4.471694871645364,0.0014481836590115654,0.5178216362065872
2026-01-08,13.446601299962051,13.472295975904082,13.564487551044438,13.69236235603965,14.264344216315383,14.708309943442938,15.005859775582485,15.204819990384086,15.44264544443248,15.623417636639097,15.693794277325292,15.764173431997921,274.0111812650264,93,48,16.045690701007516,-2.510911700177037,-3.4540080951915946,0.7079322464003142
2026-01-12,12.739989645092784,12.810511573130206,13.3541984052665,13.756794046636472,14.439622121880326,14.671166238266952,14.78694286958384,14.856408852762469,14.935798547830501,14.99534081913153,15.018496146859706,15.041651474587884,283.83935704569956,96,34,15.134272785500594,3.2893988563094902,-13.173989888735354,0.1405540865710134
2026-01-13,13.216005605604439,12.62280789910535,12.627524631760005,12.872219206786355,14.04282734888992,14.721824480744157,15.091230163561582,15.315532106802873,15.572277748018688,15.764859798773017,15.83975288802211,15.914645977350764,275.9053144834708,95,45,16.21421833466728,-1.0678065816604163,-10.44984260482614,0.39014778857998145
2026-01-14,12.347113012953187,12.595359117966863,12.830186169182413,13.052050811422493,13.818538832471296,14.410701949874612,14.85171863173883,15.162030909419133,15.460443108436156,15.313054283801332,14.944826677392893,14.143749731703775,344.39750533323837,100,47,-5.365700956160194,17.450677808617197,36.92424822579556,9.040927986249967
2026-01-15,12.050399081847187,12.148130978021856,12.390086083630173,12.690427484643829,13.820334849974525,14.5423606134739,14.9721794342419,15.242428378808022,15.555290182914442,15.790475512142736,15.881943724652038,15.973412009589891,304.70178164847914,91,36,16.339285157114272,-4.091650973126135,-5.927644790282722,0.5477527904734962
2026-01-16,11.980692427237559,12.144555789577904,12.36159684938791,12.602138435583916,13.522297065913307,14.191517074430374,14.635800131129553,14.93316739600829,15.289616015093287,15.56105160852903,15.666755898314687,15.77246582457222,323.48532239773783,95,50,16.195307181218887,-4.2793365233377525,-4.312808514165594,0.7381882438356621
2026-01-19,11.857209414816845,12.009112831560644,12.322425056222862,12.68701534423943,13.934752495726421,14.65658873069563,15.065542631487247,15.317697103501496,15.607567190152194,15.825139149301013,15.909751854297456,15.994364566101511,307.0732592681712,95,41,16.332815413760226,-4.25616699840889,-6.244101344027128,0.483488854695903
2026-01-20,11.982005616906472,12.25764714879788,12.518388872652107,12.764788454989915,13.61746656840489,14.280596026612272,14.781723308828607,15.144784006682649,15.537060658005402,15.526800877578413,15.258628674085763,14.627679852983984,235.85167295091983,86,46,0.6652844078893617,11.025602557124904,30.14241035572061,7.990514886858608
2026-01-21,11.91531999732532,12.14114715485157,12.359646822810825,12.570942087444243,13.346478022636912,14.016130314387272,14.586948996805578,15.065575738323528,15.770911541107361,16.282429132935896,16.316554844605985,15.991957692651862,241.76301035159904,88,45,-49.99287951306883,61.67491994164522,98.15750760958191,19.237984658326145
2026-01-22,11.641734790720815,12.013558011304399,12.3574826425405,12.675198571322744,13.714521164166015,14.446830657236418,14.942127365992278,15.255582383245548,15.501154726597978,15.324295485282246,15.03757588873131,14.52914612935323,346.71689343449873,92,44,9.7506073333988,1.4896141100210563,16.882369763013102,4.61433259215319
2026-01-23,12.126075507612391,11.820772696173087,12.596218462296125,13.20272496684857,14.240531776469295,14.592599380418141,14.768639443589711,14.874263486746264,14.994976678932229,15.08551157307171,15.120719587459284,15.155927601846859,254.31776275285546,84,28,15.296759659397157,8.583084302399728,-23.901835381434474,0.13790163782644355
2026-01-26,12.626685106585663,12.82857691132689,13.019649885294976,13.20050496433195,13.832728211237697,14.34210445612916,14.754315011547153,15.089714280105653,15.590744327630576,16.06896291684841,16.278574150777516,16.498308815521582,292.19080910207424,92,32,17.4091329198882,-4.9957904332622025,-0.9577720560809685,2.3017926729739937
2026-01-27,12.714510850719552,12.822424189850372,12.93899191603521,13.06171337067513,13.577662390471346,14.07922080396163,14.530466562356972,14.920967752788412,15.530635726369256,16.125102412777927,16.384803624451486,16.654772253548813,303.7342645745465,94,56,17.759041680733258,-5.140794186689007,-3.81817586342568,1.8513750699907732
2026-01-28,10.842093516386266,12.012516695053568,12.75830137722221,13.252767413508982,14.157309190209764,14.484848094247207,14.64945991837282,14.748256096278514,14.861167845652353,14.945851701918802,14.97878431271969,15.011716923520583,361.8865358493287,89,46,15.143447366724155,-6.2102459261886445,-0.002461988440086347,0.31805078803091813
2026-01-29,11.331857687366877,12.300471506676084,12.938517828803574,13.372914312357757,14.19504754095962,14.500196165647543,14.654094352749084,14.746493368732875,14.85209725506083,14.931300332097738,14.962101528917731,14.992902725737789,365.45926753001334,96,54,15.116107513018017,-5.302288650132274,-0.003886837160586248,0.34828697498399225
2026-01-30,10.950313296316647,11.471176702201847,11.937168634051721,12.353658011472284,13.615038852195621,14.39919254038643,14.87071206543092,15.139212294922398,15.333374338003999,15.271737138989662,15.167652860769039,15.012804676156932,298.40257161347864,84,61,14.152652892778628,-3.7840082517608926,8.940115319182537,2.589564319480289
2026-02-02,7.020625793267964,10.771510705246044,12.120935347083037,12.752435327831384,13.648919929012996,13.94404083187378,14.091591990496175,14.180122668439745,14.281300586039691,14.3571840242396,14.386694250206233,14.416204476172863,195.71153701645338,53,32,14.53424538003939,-20.799226390889437,9.276380951033719,0.15366113927672947
2026-02-03,9.544191676575874,11.027159728031554,11.976665506990596,12.608596833601716,13.770076276679763,14.192029942354564,14.404179364233107,14.531511169314294,14.677035998892675,14.786179690821317,14.828624459956998,14.871069229092688,426.0885545760767,101,61,15.040848305635448,-7.901205577191256,-0.0015956630549908415,0.3222510690477706
2026-02-04,10.329607958439944,12.109788570941857,12.670815799894783,12.950935964884632,13.37110736549403,13.511164484528592,13.581193044045872,13.62321017975624,13.671229763425233,13.70724445117698,13.721250163080434,13.73525587498389,288.17458479961886,87,62,13.791278722597715,-33.96429029421491,17.363219544167393,0.05061978994366774
2026-02-05,11.248325519547375,11.680071097974887,12.055653236971846,12.383291181927957,13.33802257801141,13.923382201847117,14.300137713328164,14.554418364439996,14.865499066127407,15.10672717132084,15.2011409506642,15.295623444287505,332.7700219424482,98,54,15.673605658919644,-4.922942172601882,0.0021948827088442585,1.1522123356117722
2026-02-06,10.206333449358915,11.472932197963846,12.235000189462014,12.713110511379094,13.512148361717106,13.77731321993265,13.908328236255759,13.98678821638618,14.076436798368395,14.143672296543372,14.169819432826626,14.195966569108768,456.52464669730676,104,71,14.30055511423731,-6.278583515355999,1.876752111396385,0.35640351320973795
2026-02-09,11.778229649507985,11.76460690611775,11.885312676191868,12.078626144569895,12.995788648134837,13.710209748390456,14.183055207319972,14.496143813846366,14.867912066322685,15.149671593144753,15.259325522607513,15.36898163892666,221.45741778693292,102,55,15.807606591256654,-3.7851742081971866,-5.963406088565077,0.6749058946068646
2026-02-10,11.188187473631022,11.290232316177777,11.539912093793685,11.844822729547797,12.952604031147812,13.631364455337929,14.02627913938513,14.272191876130858,14.55582063604819,14.768846549642653,14.851693239448847,14.934539953113536,178.8546484666384,89,63,15.26592680981681,-3.8641991102473945,-5.749920415577268,0.517031521942273
2026-02-11,11.76388941552578,11.393026452643525,11.466653157330194,11.725409140106366,12.896085634354126,13.600233457803107,13.992017982662903,14.23144475730828,14.505896589511014,14.711795246289878,14.79186722748621,14.871939209294371,164.88079743475345,97,59,15.192227136549644,-2.1039581831834653,-9.16845181022765,0.4262015763831651
2026-02-12,11.997723147840711,11.4100078821162,11.392595906875862,11.627198739854947,12.894489966855685,13.700310127257163,14.154297246938706,14.432553933321998,14.751719436548072,14.991182145557833,15.08430698653915,15.177431828638912,178.19755237484088,96,51,15.549931197082987,-1.782100374235574,-11.095416000936211,0.4338950434133492
2026-02-13,12.940318269372348,12.58549820540822,12.475571751135073,12.509329346056294,13.115960799886581,13.702135591238015,14.100480134345226,14.364318890321783,14.676533812677931,14.912675861219318,15.004553263051312,15.096431563593617,305.3130812160155,99,77,15.463944926467525,-1.7655660808427447,-6.9745336601011205,0.6307365604142464
2026-02-16,11.882134152263703,12.68629495076518,12.809204409081955,12.864860386584944,12.947883425653027,12.975555042874547,12.989390851483584,12.997692336649006,13.007179748266633,13.014295306979852,13.01706246870166,13.019829630423468,410.96802367156124,98,49,13.030898277310698,-22.153471211000266,19.715184867400783,0.0680927831730195
2026-02-17,10.702453592796408,11.47997675804678,11.986496500180712,12.328277444586652,12.96757703833814,13.2027742209239,13.321232076549187,13.392342430301257,13.473614114240329,13.53456795676411,13.558272228936238,13.581976501108386,365.5136004074823,108,51,13.676793589796983,-4.209098550062644,-0.0014335753914231078,0.3377854123783842
2026-02-18,10.242442410971895,11.048845983353662,11.62364307814603,12.036047046959485,12.831768155928415,13.08819643448042,13.193660449142852,13.24908146005149,13.308156151853805,13.351500323589043,13.368328750476671,13.385156426206185,427.5961100663662,107,68,13.452466964355672,-4.3476279187146645,2.8329616826077295,0.6665878205862806
2026-02-19,8.84237737906517,10.414783123294143,11.240438298614993,11.718311738394961,12.482383617783505,12.740560912141916,12.869667458541493,12.94713148439363,13.035661800614864,13.102059537784282,13.127880880016834,13.153702222249384,434.79245097256074,106,54,13.25698759117959,-7.7219926210675585,0.005422376139127388,0.20077320425759312
2026-02-20,11.578927918898813,10.982631484593488,10.67038240644074,10.553968980192776,11.019420374589714,11.84827790079779,12.557430325361643,13.091225016954157,13.777742719449364,14.318379010524323,14.530064175561254,14.741848298467934,256.83317006135445,93,39,15.58903057819787,-3.007868740780484,-11.695758182975446,0.8642588470411089
2026-02-23,9.650922258707283,10.378742043676027,10.922481927615351,11.334519005676704,12.251441552504676,12.647769616626908,12.85602413265584,12.982174428095425,13.126618834256305,13.23497839629115,13.27711844636237,13.3192584976916,337.7238608585747,97,35,13.48781870310401,-4.824550860867971,0.00027960146870374116,0.5241005211431519
2026-02-24,9.715378435630551,10.786806863421047,11.174114106953764,11.368723113837824,11.660719945103164,11.758052841307576,11.806719289411259,11.835919158273468,11.869290436973136,11.89431889599789,11.904052185618625,11.913785475239361,407.0625226770632,104,49,11.952718633722307,-7.392514831895028,0.0039641981142083055,0.07904085742799538
2026-02-25,9.249076160976522,10.98106657998045,11.580388910689255,11.801328800720981,11.976875022257863,12.012094705147534,12.02932291817774,12.03965493245331,12.051462848120124,12.06031878415247,12.06376275927612,12.067206734399766,382.8177814993751,109,86,12.080982634894358,-8.009719459285751,7.070875824694022,0.22009895983236138
2026-02-26,9.206714728268205,11.134829569544237,11.595123473632889,11.739535952078828,11.888345998722558,11.933779475259492,11.956488224331375,11.970113461650389,11.98568516141439,11.997363936237367,12.001905682001858,12.006447427766348,407.26878747939327,109,64,12.024614410824313,-12.0836882169976,10.263935657794509,0.1497482415899428
2026-02-27,8.880116881446016,10.37655205848982,10.908905838704266,11.164744483696719,11.53919626693995,11.663513300488736,11.72567130894537,11.762966113643769,11.805588747584363,11.837555723039808,11.849987324605813,11.862418926171822,392.8477002425919,101,50,11.912145332435847,-8.839808176246068,3.2943577198670964,0.13450595219048095
2026-03-02,10.099217442888119,9.50265093817078,9.361924970432458,9.469788632752296,10.578044089413382,11.511914786913884,12.105664667322698,12.486472293816197,12.930184839625724,13.264193152504742,13.394103512408725,13.524014081186863,338.35054109855975,108,43,14.043656380958007,-2.5491189343605014,-11.339981085923695,0.5612051526464892
2026-03-03,7.720305425236656,8.875119378358667,9.681530977121254,10.257790633184127,11.425624180046366,11.884836000605485,12.119153288924204,12.260082222525702,12.421189256850042,12.542021972464743,12.589012480358823,12.636002988262412,379.3288250931473,107,53,12.82396501987703,-6.794514468920941,0.0003920874497043208,0.4149808195843439
2026-03-04,10.337522200953053,9.610231785006532,9.541956589868217,9.753547558615372,10.942836990272,11.671782693872286,12.073841650310518,12.318713163489699,12.599164384960133,12.809540245060642,12.891353214389719,12.97316618391628,339.08645131379166,106,53,13.300418062028092,-0.8153585455120101,-11.360265495682535,0.40316440086101646
2026-03-05,8.582803172156343,9.88297028009697,10.516748728348912,10.868383786194215,11.415166681566365,11.598468980114383,11.69012236046648,11.745114393776516,11.807962431865967,11.855098460433085,11.873429138209186,11.891759815985289,380.62523699360275,104,66,11.965082527089695,-6.4429566909462155,-0.002617125558417165,0.1706350276758659
2026-03-09,10.60935357134554,11.11829216934408,11.22210394651801,11.271989945022218,11.34669664765387,11.371598332323908,11.384049174658806,11.391519680059746,11.400057400517964,11.406460690861627,11.408950859328606,11.411441027795584,383.81929311110474,105,57,11.421401701663505,-13.959871186910892,11.606043521688859,0.06347538106818078
2026-03-10,10.380055774630634,10.094046155964497,9.969778161552457,9.956901250319513,10.42627456741387,11.071497376033324,11.610484620772983,12.016186058451424,12.5408406940596,12.9562555587632,13.119158555137622,13.282167820508723,321.4116711630875,106,58,13.934259851620148,-3.037455345748914,-7.807084687075916,0.9019643100863878
2026-03-11,10.90897844126377,10.32485519178494,10.030036961764257,9.927857689785743,10.374409300740218,11.097077414805884,11.681580169699616,12.10519530896959,12.634270622215244,13.043865865295984,13.203707855937619,13.36357727728096,311.324929186941,97,43,14.003064665049125,-2.082821885555168,-10.143232114777899,0.7845795234651181
2026-03-12,9.49474326788944,8.64175116093259,8.873406318492362,9.399518999981623,11.11159973751703,11.892257218641095,12.292254023142206,12.532631055542367,12.807372138881302,13.013428521048866,13.093561558891452,13.17369459673407,379.9054737999098,106,42,13.494226748104543,0.007133249041258166,-16.292704286734036,0.29522957834447855
2026-03-13,13.173707629992085,11.481259106155623,10.386744275596026,9.721590777658179,9.319734592936467,10.157462123221285,11.073248179274316,11.820063668316212,12.822365216725455,13.627790701160436,13.944300703897824,14.261064009868958,284.97912613167995,102,43,15.52824555647819,0.16412467825992905,-21.453796537353455,0.8928150957287578
2026-03-16,11.137972441912154,10.37775157865342,9.947046348730726,9.741067940779036,9.975867967363047,10.64375963853409,11.223614074496561,11.65571303564288,12.203880464401742,12.63130582035103,12.798290191361962,12.965316193155715,336.70871890638676,107,43,13.63343611477299,-1.2583235383564078,-11.177288349407227,0.8058952290316702
2026-03-17,10.698949812783077,9.913134699317087,9.611688861609059,9.592376991469399,10.453326104308326,11.342025018429432,11.940977393202122,12.334113290608157,12.796693036431233,13.145838987822687,13.281659600576843,13.417480874131249,383.2421785882777,109,52,13.960766067085792,-1.6696378037110347,-11.94253562599015,0.5986757323410156
2026-03-18,9.833407512766016,9.718993554954148,9.70996744579338,9.776398317799856,10.416987480035203,11.190166954166045,11.861607228750085,12.393148058084567,13.118968750929993,13.719823087694364,13.958769846527451,14.19842298020747,311.4854617153044,103,43,15.15761987198295,-5.06528756708344,-8.099419962959386,1.0929298777388288
2026-03-19,9.949755393933554,9.809205190655774,9.815646176928205,9.917042509591731,10.692630659161427,11.477430782782456,12.074330677118223,12.502845357774396,13.039529072487982,13.456937387636168,13.620030737001507,13.783172049208918,478.00382149772236,111,76,14.435757845427922,-4.1248391294625995,-7.51008914688549,0.8413278469275337
2026-03-24,10.923755498573096,9.976849339870839,9.68132024572453,9.726941758952144,10.797454774359341,11.692418235402632,12.240238282551006,12.584842539677505,12.983092162985164,13.282271999678557,13.398624516885445,13.514977064085352,304.30332126888715,100,40,13.980387255185814,-0.9191447131347198,-12.973277920363019,0.5025151516551002
2026-03-25,11.038477899724457,10.387653613290041,9.984390650817256,9.765480140273844,9.917432549998676,10.67115189097179,11.450788577532082,12.106700366433088,13.030799347218291,13.80653790518291,14.115759252084748,14.425950355000467,256.7402193610806,102,83,15.667484655822149,-3.6486502897578057,-13.741903304809846,1.0708802318253
2026-03-26,8.294843258262151,8.605254016205164,8.897711143434439,9.173157075126602,10.12285988159429,10.868721651825263,11.455979799006869,11.920855849742662,12.58995960019992,13.196839983081684,13.452961538587449,13.71591570197299,346.0747756337347,105,71,14.783378644656104,-6.817855217788277,-1.734531891178082,1.8738604393652747
2026-03-27,8.477504486505865,8.419344598867166,8.725990001720488,9.156608790411312,10.674447509090694,11.506086699031167,11.9600431799765,12.236348974494438,12.552824939200237,12.790229598757023,12.882553834382126,12.97487807038174,294.3522635719398,107,43,13.344175014392652,-3.9506260094145533,-9.333053010818148,0.41701204551287563
2026-03-30,8.280662710373623,8.611872465646396,8.974404137664465,9.340993314887017,10.616625054844286,11.48845003040829,12.054411581937517,12.4297669257713,12.877740956997954,13.218350710112341,13.350972381614488,13.483600215468439,338.2098773475577,106,52,14.014113336213972,-5.989545659537286,-4.821840014188208,0.736047826301174
2026-03-31,7.208557652381345,8.052061779657826,8.73004120153464,9.279037802836577,10.655595617414763,11.341987211198461,11.727495604661671,11.96719354399835,12.244475396806825,12.45305130271849,12.5341791615239,12.61530740421676,425.04864306670385,107,56,12.93982046123843,-6.788267781870206,-0.0014192341281771513,0.7169249256792662
2026-04-01,7.576295560495391,7.75489425964909,8.384619280444083,9.063077205348709,10.86981932944073,11.657378480737618,12.060732802715066,12.3031771828291,12.580288909260148,12.788123590490065,12.868948189450238,12.949772788410522,334.18949887901925,108,48,13.273071184251656,-4.337181571921032,-11.331001264871954,0.30951106379925436
2026-04-02,6.627066177273796,7.5016344134587065,8.227993054040748,8.83439814987833,10.448253660905243,11.319068227619162,11.831711232349374,12.158413164563978,12.541542514525585,12.83131315209026,12.944096612677347,13.056884652920237,406.8888240711491,106,48,13.508038497111215,-7.939311048409252,0.0008230042786895635,0.852468099635721
2026-04-07,9.755049175428777,9.965161323368918,10.169929523846529,10.368001258795525,11.079281067661547,11.654157916034885,12.106469530289806,12.45926729105758,12.95194585388492,13.378377485392491,13.552486648965115,13.728562257889875,332.17796389985403,102,57,14.435787371760018,-4.894311935778405,-2.3970882596653156,1.4551292685108033
2026-04-08,6.9286464927883396,9.033583004279523,9.838387123485212,10.246476723947351,10.859495774427586,11.063847392682916,11.166023202071978,11.227328687705425,11.297392099857932,11.349939658972312,11.370374820850127,11.390809982727944,433.8461668671466,108,63,11.472550630239203,-12.8020945837965,5.661952873981793e-05,0.09577457246191073
2026-04-09,6.607917681864484,8.355941688914408,9.60567337548471,10.28157581304552,11.303935309262434,11.644830801215072,11.815278548497194,11.91754719686648,12.034425652145663,12.12208449360505,12.156174043061476,12.190263592517907,355.2610968422457,103,55,12.32662179034362,13.89052508181323,-37.845370823762615,0.08538451841515612
2026-04-10,6.79488138819296,7.851633890024646,8.727848084769114,9.453451756797676,11.292552481918348,12.124812843346499,12.47843791820904,12.608891897005469,12.62568011896767,12.532351148127331,12.478200885656772,12.419468806432503,337.71957192418023,103,63,12.177555174082796,-6.655751313945786,9.21046168910047,1.421851917903812
2026-04-13,10.912544191870348,9.763576924532295,9.774443551362214,10.117704787111197,11.364865374467907,11.934880050267852,12.225880447369406,12.400676629921378,12.600454181764377,12.750287546313903,12.808556077052764,12.86682460779163,321.19518866397146,101,50,13.099898730747093,2.3533138685963744,-14.852836791837042,0.2796996226017184
2026-04-14,4.751575791966973,6.957283081016196,8.807211111158459,9.886151395276528,11.553700147188275,12.11079410135684,12.389341246671682,12.556469533879305,12.747473290688017,12.890726108294553,12.94643553736376,13.002144966432969,402.77135669270416,104,54,13.2249826827098,5.360679367267699,-36.350726618770544,0.10785933035292125
2026-04-15,8.064055979037793,8.493191506759137,8.894052416726929,9.267903961944212,10.516764829292754,11.422145917084393,12.04346512395311,12.430922360717808,12.666972716630005,12.128743626438675,11.425205005064868,10.125890891205621,287.55219544042075,102,78,-8.325212425997451,15.930539542635072,41.34342747034516,6.7020093097189335
2026-04-16,9.539981663848499,9.60123222932077,9.709336818210398,9.848270438951348,10.517437315055309,11.147561909354886,11.650397343021753,12.032285598176122,12.538992962002458,12.950900088971284,13.113884045143978,13.277216238791773,302.6915470954953,103,62,13.93081567270147,-4.383821707798325,-4.809820281110041,1.0663951574249577
2026-04-17,9.044189217118719,7.683027450650178,7.7145592190376995,8.220859413737633,10.304256553451125,11.366250140085057,11.921407796262942,12.255853698630327,12.638203191402528,12.924969585392297,13.036489854810405,13.148010124229954,325.3268737628272,106,52,13.594091201908165,0.35416196589842075,-20.64189841915288,0.32981580673578803
2026-04-20,7.639864187280755,8.19084720367561,8.700287255945447,9.170445681592318,10.699651032173495,11.754077169735583,12.43252013423971,12.81515991981885,12.940279319997028,12.17229918410484,11.348760322783912,9.961602532427404,289.4836887549131,99,59,-4.276784606445679,11.321742880495684,37.908841730312396,5.380335180144219
2026-04-21,8.459935364162668,8.770104849960363,9.100282533035843,9.433491342905837,10.632895344378918,11.516562048216551,12.129194551913587,12.554482573489441,13.079558252242126,13.486241405466345,13.645112928694378,13.804034756064437,330.8807395608433,106,59,14.439745943202118,-6.2445414912174035,-4.6248013329563,0.8772996604605275
2026-04-22,9.226335420662526,9.094487549760697,9.102960961805715,9.207790626492674,10.060603935372342,11.00430672508897,11.777893616576677,12.364829980385304,13.135434239242652,13.754056284852336,13.997662952630364,14.241574453618506,315.6929173586307,104,5,15.217415745882821,-5.659655761253841,-9.241051448745772,0.9823463397383048
2026-04-23,9.337954105395411,9.094375428260832,9.053581386597992,9.14477400338847,10.041090150415007,10.991946627167263,11.720646353924893,12.244264246308934,12.89956171460713,13.408747763623348,13.607651399538764,13.806608281175157,318.2351212303588,104,0,14.602457883305028,-4.717868297475305,-9.645445584403438,0.8311275798999805
2026-04-24,7.512220085617328,8.029898006225734,8.503763078832643,8.936471740504604,10.313866590134285,11.257720477168967,11.91073626313612,12.372053688643703,12.956317296216326,13.419433268898144,13.601694450400869,13.784230208661652,306.6462756253099,106,55,14.514594948920411,-7.566089160161075,-2.402355970670035,1.0990206086774732
2026-04-27,8.163152735935073,8.562673890358031,8.954747145495984,9.330898102398777,10.607468601671247,11.516138328182354,12.143388191303352,12.580373775687534,13.123157378803437,13.54573504295244,13.711048676021102,13.876443576555468,277.49020376834636,101,38,14.538067794359874,-6.768541433467445,-3.908199644613102,0.9295317662760044
2026-04-28,7.340046591028376,7.4487683427921265,8.597567528843825,9.530400429305477,11.22202513119204,11.806363929606961,12.098596471083535,12.273936158288016,12.474324372906322,12.62461553387101,12.683062096468388,12.741508659065767,213.85628626547665,101,52,12.975294909455283,3.293113464712927,-24.769690969553782,0.1632845715315808
2026-04-29,7.890588661320663,8.131792337942215,8.655789471214407,9.216401552642324,10.800001547167945,11.540216736966425,11.926354918123353,12.1591073199093,12.425230765550296,12.624828420408218,12.702449739584313,12.780071058765,290.68710954579024,105,60,13.09055633548781,-4.561203178143546,-8.62201660081815,0.35327326927177727
2026-04-30,7.007111379750675,7.8056373598963305,8.499185111008899,9.100809737154933,10.797369902240815,11.725095372722643,12.207786106248687,12.436378613047438,12.53213349420168,12.397500386766847,12.288046374819793,12.153002422872353,291.4975350000782,106,53,11.538187771219187,-5.449444835757117,10.145468442925853,1.9815742406073757
2026-05-04,5.110779875586927,6.975015669327673,8.455065465206513,9.622779244600165,12.198225826616442,12.955909898043455,12.982893687575359,12.749211603741848,12.160451075415061,11.50274527288141,11.216457052264564,10.923655791875449,25.09742358040287,101,46,9.744144187282245,-6.96944275952555,20.432344208087198,1.3144463303051253
2026-05-05,5.0738176251166385,6.942316876628604,8.426328510186785,9.5976863865331,12.184619529012915,12.949669150248045,12.981191109046854,12.750269847883992,12.16426253486737,11.508060296350779,11.222229919368669,10.929848042774497,23.492011582027896,99,57,9.75195067795899,-7.018740579056801,20.452938862087237,1.3154549411856897
2026-05-06,5.841524261927283,7.137367558071037,8.234854150362342,9.16008383991792,11.554013545817622,12.57773484695144,12.856415463298237,12.748365254126039,12.089795211006226,11.010081092606985,10.438374273439425,9.800783036849419,55.09544809953712,99,48,7.061381169562704,-2.7438849244669585,23.5031010947757,1.9894971995128778
2026-05-07,5.665891672863067,6.039639291260423,7.152935020459499,8.206126813451121,10.540926327056583,11.431643001052784,11.87927576972602,12.147894920567019,12.454889355491128,12.68513519289951,12.774675240781848,12.864215288664182,45.9621571412548,95,42,13.222375480193525,-4.254922502034882,-18.288936884555596,0.23830892398733425
2026-05-08,5.997164737384873,7.145546817393869,8.141011649707284,9.000638995504666,11.362937863008781,12.519006750558137,12.94844570759409,12.953353251252736,12.370155862712778,11.154395610607926,10.432238566164937,9.572859370549523,72.9748763757143,99,54,5.586500890368067,-0.9097288993057885,26.20615747415862,2.3982584221413092
2026-05-11,5.878929403704497,7.1474281653429586,8.232645622726132,9.1570284965755,11.60980986361891,12.717234797658044,13.058171011184655,12.979278118058641,12.295215700724427,11.075052961657988,10.398462143580051,9.623870524532464,63.65692475894499,102,39,6.198633741449931,-1.7968744817564726,25.739484321501166,2.163748401872487
2026-05-12,5.933608662250875,7.235779347239166,8.349877062872709,9.298690513395062,11.811296063078439,12.932260711637406,13.256393119807871,13.142299626845485,12.363753266814996,11.00016920144948,10.243622897108597,9.375218650137269,71.65408067092832,99,85,5.517767983449779,-1.1001351677362865,27.63215799326369,2.200340268230215
2026-05-13,5.916479787314736,7.151474007713878,8.213818196692465,9.123939584762123,11.575569981462683,12.723894469544796,13.113090119965882,13.075446293078414,12.439901665001301,11.228703732889063,10.538405198674084,9.736549551088705,66.55730997221568,99,59,6.1313202273421545,-1.645487249660072,25.970384246694348,2.246147561944786
2026-05-14,6.002902570032804,7.31246695644814,8.437754730858249,9.400334947359038,11.976689163155793,13.151747117550023,13.507597812519577,13.402159072288866,12.589086778642681,11.114041006955468,10.278054571792577,9.305738417481695,73.19892671664508,99,44,4.913866842503608,-0.4290474791011432,29.485663404907935,2.2924487692573816
2026-05-15,5.86770603642265,7.108623607659165,8.165035732818152,9.06080528227971,11.418690616378543,12.480883886122417,12.827657751339268,12.794934234248855,12.273382573150545,11.339691335372384,10.833089537092048,10.262988009948469,67.13480492349618,98,54,7.796098640363464,-3.3810336180283604,21.87252222708876,2.0125506938709283
2026-05-18,5.854975921741057,7.21588640920441,8.389070359641071,9.395738662878141,12.10725333801065,13.35301717466727,13.725153357834717,13.59497501039836,12.658257421000094,10.935591379278925,9.942538056888626,8.772816652108009,73.15306731370632,101,52,3.3906984833456164,0.8919132243397284,33.24419870141419,2.3976219789291724
2026-05-19,5.846847894096973,7.159940734983348,8.2878868609226,9.252551074865062,11.835553032912292,13.019896145481333,13.390177746246808,13.303966028748953,12.53814757707211,11.137149132863247,10.344608250669758,9.42519839054993,74.21892097602948,98,41,5.28993778333614,-0.9659366545046879,28.664129326425925,2.262973963678001
2026-05-20,5.924416252388582,7.195998380591979,8.293905207401435,9.237832885342026,11.798310554291357,13.005411287725103,13.405933877632625,13.341823470746743,12.582562831075858,11.125165006441296,10.278752047174123,9.280868623193054,69.41852723452439,98,46,4.696179343885144,-0.23907181329115834,29.61690685091755,2.3722860627160522
2026-05-21,5.925531245726489,7.220671836851299,8.3381952623995,9.29824072807079,11.895581968098409,13.109001850927388,13.498109163029476,13.4129882999715,12.601231133321063,11.068586567737425,10.18141713509872,9.136276515625212,74.28398283916326,98,46,4.335004366126983,0.09522521353051612,30.599510830010452,2.3778672852786564
2026-05-22,6.150862531014662,7.344210804909665,8.36319016038605,9.229516329604163,11.518639727288146,12.545079181199444,12.859333723760138,12.787782283388427,12.1691809339288,11.07792201173626,10.478270863886713,9.79580976352048,73.72583265819259,98,37,6.79967350428061,-2.041150564292681,23.404892160933205,2.1193115989534466
2026-05-25,6.114055792478363,7.364866659527515,8.429818262917237,9.332224984043556,11.692136120611917,12.715481340807102,12.990259739169145,12.863805311106052,12.128880395935166,10.894904731850113,10.225643254434154,9.46742001198508,73.09736178633783,102,49,6.150202693496578,-1.4992686027504152,25.20437994663215,2.114023154755336
2026-05-26,5.971608095104796,7.235802756251703,8.313488664680452,9.228254776850509,11.637248958179203,12.71262797592998,13.042737791921734,12.973106619554605,12.348322988753942,11.25363301822329,10.65669294915564,9.980849776654841,72.36117828677311,99,53,7.0323774298468935,-2.5382804623740527,23.962517398613414,2.0781760407565613
2026-05-28,6.033499988841135,7.1537015656887375,8.126548332839892,8.968541058922694,11.300236996835494,12.470696551248494,12.941025592385783,13.001022802648995,12.541675440182757,11.49700618129105,10.867334205110005,10.115746876741568,71.67402852056965,99,28,6.629339235915045,-1.8818558082943697,24.234267676784434,2.3731370953440822
2026-05-29,6.046941231962926,7.408029945693447,8.55736948289192,9.523139954171352,11.998151414630545,13.026106092128689,13.274784383273655,13.124283457912643,12.379997891064438,11.20425225584155,10.589220133240278,9.906699175828784,73.9400636359423,99,53,6.986441707582883,-2.544590127553542,24.874432001651066,1.9709231840198522
2026-06-01,5.303072792653773,7.184449657926828,8.685725884980585,9.87509970062461,12.505457878433926,13.247164849705973,13.20518427648691,12.876661181835559,12.090309795748723,11.204176849211361,10.813451966310991,10.411638048251486,26.179395593916865,100,49,8.78836609349759,-5.829121910163964,23.278590037107545,1.3958661521143518
2026-06-02,5.226685986566077,7.128863289004956,8.646357522872819,9.848788317185972,12.516756788941287,13.291070227779201,13.283074212850648,12.988759164943136,12.264085884422482,11.444835919591853,11.084270806731308,10.713888627375614,25.71863598343317,97,54,9.218591459780896,-6.363025963274652,22.670824321007323,1.3757914645491718
2026-06-03,5.98300663168241,7.202527466704671,8.255771455936983,9.162104525576195,11.635270618556742,12.836644809078871,13.288645379404937,13.312829965879622,12.782294543448625,11.6771548041191,11.03234071711821,10.27620998815338,66.26107218607102,100,50,6.845667147573627,-2.2702295522949663,25.171763175910577,2.2724274288294644
2026-06-04,6.052233256619585,7.425018189899086,8.594444747799148,9.587484022946168,12.223297414163513,13.458337931105932,13.927614591214201,13.992439818231624,13.629468562740396,12.879687246400696,12.467062841871883,12.003766997672733,74.70044877915431,99,57,10.012804092714198,-5.5676255246105955,21.157685915827166,1.924801568105737
2026-06-05,5.9920832041899965,7.218879056561749,8.277233166192506,9.189042767757135,11.718212101809154,13.058783941161291,13.729987092888104,14.030048818132254,14.123373211708074,13.903002763886867,13.742267742430693,13.550245070090117,70.8901227692679,101,62,12.698823030480678,-8.12706768949641,14.934010686021649,1.8885859943008365
2026-06-08,5.901477147272874,7.175261808754768,8.26170150332192,9.187678802204253,11.701706097148683,13.001622871724315,13.654853637248758,13.966900977119812,14.14595391362194,14.098696461775393,14.040586185686038,13.968891253467302,65.70359942112842,103,50,13.653837966572311,-9.244823582865166,12.11386470769042,1.6546845081513692
2026-06-09,6.136388670129445,7.437728234516971,8.533179951234498,9.454867634951917,11.887365068262017,13.089657824296593,13.672375661329959,13.94524084721696,14.109889390406426,14.101796168775497,14.074000314849155,14.039154764545241,68.792276412713,101,51,13.887774523057809,-9.296634558368824,10.819957681478295,1.495380797483145
2026-06-10,6.096107509473305,7.367157954702733,8.44771135417123,9.36508901968755,11.825163670795876,13.05401393066132,13.631914614600714,13.871550525631147,13.9261588679621,13.746682418666007,13.628362227335225,13.4931341698747,70.88357377902409,100,50,12.916010116481194,-8.31325330639325,13.46927088122366,1.684530843997984
2026-06-11,6.094966981603411,7.432235613539286,8.554796540431084,9.495896841868497,11.948268458130125,13.113433044738315,13.633875127731516,13.837277389733199,13.873108338941087,13.724356291376314,13.632779350964045,13.531142219073956,72.20624363949459,100,52,13.106545198718889,-8.602788125308441,12.74623187974177,1.5399219067712522
2026-06-12,6.0114420006102565,7.2568296995447525,8.322109222724826,9.232386139029387,11.714237401783782,12.999022619737332,13.636357721693248,13.928052112470803,14.058024190474555,13.940055732924089,13.844519578774756,13.730872006492717,71.60105691477222,101,80,13.23548289404327,-8.67863925378054,13.003071999891784,1.7262213767644508
2026-06-15,5.987709959241992,7.495777326189314,8.715467754680049,9.702755951012263,12.106881734250868,13.16404012467801,13.644553109842972,13.87442516205862,14.059583899493424,14.15143843144999,14.181751598964542,14.21119889123551,63.90478660620772,103,36,14.32816856870562,-10.206474233430349,8.665434419789134,1.1383886459345787
2026-06-16,5.8881703983490326,7.283267416786505,8.468455558793115,9.472979791991065,12.141220022506106,13.421693460834287,13.961995061557872,14.118419923014029,13.96487410933259,13.506638661195284,13.248452587638926,12.96010293528417,73.36525651193116,101,69,11.735140243905581,-7.485797898743564,17.821362492721487,1.7839535955219645
2026-06-17,5.9773485422626855,7.253560206859644,8.358921829757122,9.313904171127653,11.962185272546574,13.327898365284284,13.94405438600329,14.132735900249191,13.920057296331848,13.224885262004406,12.798212284795493,12.29528160922547,69.87875092166934,100,49,10.030289997382702,-5.523138485224579,21.514964356020265,2.145017357635085
2026-06-18,6.105621764763875,7.30597776124598,8.352569640908545,9.263296395586558,11.839499960585862,13.23336592402032,13.92197053251525,14.197889716121708,14.153124074159873,13.645202973678341,13.303797558919468,12.88975958037874,71.59875915805924,100,45,10.982054817342293,-6.250719337152073,19.474694236969587,2.1896270718604964
2026-06-19,6.013044966673387,7.317679521679062,8.425861188244756,9.366128270061965,11.887328502640614,13.152702794081684,13.75804786275404,14.02153232340212,14.118039975584535,13.987694457125075,13.89344772964846,13.784492913913663,73.14849062888327,100,57,13.31836716528509,-8.839716553742539,13.091732662770015,1.649752498303703
2026-06-22,6.185823555269022,7.466382349191112,8.583633950624023,9.556210236757634,12.305222253782343,13.780719152181309,14.490030127320054,14.747927911023023,14.60861209805164,13.92425325369511,13.477556576095981,12.936514768421267,71.42993301781443,101,46,10.427881106003206,-5.706850392707705,22.57699168394371,2.2597951503402407
2026-06-23,6.247609769845324,7.49921277540167,8.579439736843595,9.50931018773282,12.06451052640211,13.357237155538332,13.922690288796169,14.08002612291985,13.845335498523253,13.166662805413603,12.760616180793662,12.287579070798072,69.809645799908,100,56,10.182991546086932,-5.3821903640158295,20.602466690774712,2.0913148284799727
2026-06-24,6.127489074488567,7.489525229669266,8.648966141497118,9.633766283254419,12.264208783060896,13.542772699740263,14.09482961883506,14.266628978659986,14.140772010133643,13.708818108731771,13.460990303406291,13.18259078402424,71.39563885406436,100,76,11.99515819341978,-7.4645847276297355,17.396378716464834,1.8001330896209533
2026-06-25,6.060261544015084,7.412741642472821,8.565722060873078,9.54669358183467,12.180789329502122,13.480762626920196,14.061386752084136,14.26323322123848,14.192157787119044,13.82100447889468,13.601479959660766,13.35325576773852,72.50088181329593,100,77,12.291431923462403,-7.814904054818715,16.731854615517445,1.793160191195492
2026-06-26,6.164430792070262,7.497911276875664,8.635605902047574,9.6044344653793,12.212604083716283,13.508394756992281,14.094877310815173,14.306584944736596,14.256844738110793,13.910874705337973,13.703111609036629,13.467346945732102,69.10181059099068,101,47,12.4569306620368,-7.852854062741598,16.335009674006248,1.794011223521994
2026-06-29,6.710977483692757,8.15634604305429,9.363008764204237,10.367051075380054,12.908885088026949,13.997019500300942,14.360479183178366,14.378135115959168,14.053380588440959,13.493572034460977,13.210837684127693,12.906694257080801,76.04880158753743,103,28,11.64670474396465,-6.662068985495136,18.152894664542597,1.6475950077940664
2026-06-30,6.381521281902152,7.962480477632958,9.274754753702428,10.359001829305658,13.03870391238939,14.090857541600503,14.341733767170549,14.220796196452923,13.62686176549305,12.764082885376112,12.341687242697976,11.890066689606602,75.60372966444797,98,80,10.022541891341387,-5.538225444798354,22.27216767961701,1.676835654482887
2026-07-01,6.651371813896519,8.102631580801274,9.297283614794303,10.277792971345379,12.689364383215583,13.678569808866186,14.004900157216117,14.035899536690183,13.816694977030656,13.447974215173653,13.269119186211928,13.080709977636607,73.2978983607423,100,67,12.311617491091194,-7.418743678657971,15.278075151813903,1.4689844492285415
2026-07-02,6.643065659556588,7.982581213644678,9.113778845862534,10.06717504325586,12.57240260995727,13.761979191784162,14.271075560799076,14.437116473119003,14.36381778310637,14.054978407540267,13.88062037385945,13.687816934134469,73.81981262988207,100,56,12.878028176700704,-7.8184094152209545,15.117948748576408,1.668126189969479
2026-07-06,6.748203595802268,8.334805649797884,9.5980943476318,10.600130000158444,12.871733335564734,13.650121135357173,13.826664913114474,13.777995153885753,13.529037931959527,13.219782068269286,13.083696547151767,12.944602186392363,77.10279085909212,103,57,12.384817322701926,-7.62290452740463,14.3866547118662,1.2416253029677708
2026-07-07,6.699105934902766,8.156442698640127,9.381721403116115,10.408940945586949,13.061491255779874,14.254003520137525,14.698518417223537,14.77354214305609,14.511931944598002,13.982600711695392,13.704854200899199,13.402160303045225,75.63134954229285,100,51,12.137673480027976,-7.167588045525431,18.36396426057212,1.6978871264434392
2026-07-08,6.489820501250694,8.02236792700386,9.298576177523485,10.358627082213468,13.044142064828549,14.220820348205471,14.65974947027549,14.750627598428434,14.565105559791093,14.173968379258499,13.973733816114425,13.759046713984105,75.08912357165829,100,75,12.873992076138931,-8.220490054066534,16.760444511901607,1.5565778994381343
2026-07-09,6.642848219069491,8.20909977190612,9.467990095869661,10.478470355498285,12.864872616914578,13.812984677766273,14.160595432865492,14.263734041065828,14.246971510459849,14.150297625387994,14.102271298242329,14.052377894570258,75.42742524722699,100,57,13.850822375396662,-9.154361002779938,11.669324821736684,1.2024082294791227
2026-07-10,6.612868579701042,7.981169536514781,9.13554101803751,10.106894889456889,12.640411654164495,13.80851475071034,14.268341857492016,14.3725847010842,14.171968575489108,13.708440831765209,13.459227528828219,13.18557955855061,73.48326871494525,100,64,12.03712078344553,-7.042437388913749,17.09657399008117,1.7178043919668406
2026-07-13,6.539252833799313,8.027442718792837,9.285087878767145,10.34364161847849,13.082621769365836,14.276930347612797,14.647943319631791,14.599077503450086,14.02735068390918,13.05719902453563,12.547521878690258,11.984305369922177,78.14307485273413,102,67,9.591611228904283,-4.807265904372743,23.900494866138036,1.8870404772975926
2026-07-14,6.664101469310149,8.152119993053295,9.40297599554447,10.451077242914575,13.148363860216843,14.341289866302496,14.76076811788013,14.798199971276935,14.45256957823639,13.816279797851623,13.4857934675723,13.125725530329511,77.86771190936706,99,89,11.619629132418938,-6.720723711315434,19.81857849733444,1.7289898553030207
2026-07-15,6.603784810456835,8.145596786342395,9.404889840602134,10.430506115760164,12.911210883332211,13.900998157204523,14.22031656536599,14.251768363766658,14.054087547640583,13.73080199055838,13.577249920097916,13.416940455071853,79.05067178142114,99,66,12.765919809222783,-8.045237231692893,15.066709371985837,1.3914769853601208
2026-07-16,6.6071338114163005,7.956264881433034,9.095007622063292,10.054190007361804,12.569833930943847,13.757624404052812,14.259453662097503,14.416277562179166,14.324792057862775,13.995258438331014,13.811312432276775,13.608363938245542,74.6328151541185,99,58,12.756724313046133,-7.745083216274233,15.408756825039099,1.6709214258963139
2026-07-17,6.601625990014391,8.141882838807819,9.435008411004889,10.51683076549023,13.285917656215522,14.487935752006532,14.886034477554556,14.889206882953754,14.468744864147267,13.74163348458634,13.367798705015682,12.961290506716583,74.68826222753746,101,55,11.261835988925288,-6.489244147524393,21.182648307352054,1.7391105007936989
2026-07-20,6.493354836583283,8.148274635375802,9.61467048087816,10.908234644405084,14.62781635350045,16.559819486018732,17.260133861969056,17.128968429490712,15.434338962972776,11.549289617437136,8.915321657988292,5.413538210379787,77.40594233063605,97,85,-14.92810589294275,19.561028538787586,74.06349298085127,3.4596909031126395
2026-07-21,6.42954430967728,8.078627554407348,9.46327763109855,10.619672612869799,13.533595985006503,14.686643025330607,14.911843250775208,14.674978246864235,13.718152805014837,12.284918191059955,11.55141310026154,10.745619999558235,77.81039936501625,97,68,7.329136131500814,-2.854677055605497,29.699833747289425,1.916375253675311
2026-07-22,6.570213727808332,8.093939703870765,9.378154086310243,10.45629411871652,13.23170782459773,14.435204918747601,14.813184730726805,14.77654030233007,14.244777952922236,13.34652001060034,12.879431388655322,12.36672349997012,76.74156783250966,98,64,10.203096010936411,-5.434723603508733,23.21271299428217,1.8314797429525893
2026-07-23,6.406294364075393,7.919371160627723,9.202534292351952,10.2863050897374,13.111935827491873,14.359389584998105,14.750538935909681,14.696436602934178,14.070644928338968,12.989217716191153,12.412669339942438,11.769943985039568,77.06204675930685,98,63,9.015151378573295,-4.3867957735572665,25.652353842038746,1.9523704390623986
2026-07-24,6.532353432309161,7.96676500578317,9.200815946082123,10.259278325154469,13.136675717065039,14.549415043360113,15.125010233976072,15.236220839173418,14.849090161755013,13.945264571066094,13.421912910623863,12.818008034733289,76.33581556751444,98,62,10.14810812625866,-5.278627325076093,24.596375619975245,2.08929219561449
2026-07-27,6.598467400026448,8.102001583537646,9.360219596429985,10.410182706865623,13.093833766478514,14.279745496813412,14.714921905581765,14.787639759289384,14.541815588714481,14.05532972209399,13.804308146241992,13.533117911627821,78.59423660799537,98,54,12.407976589443116,-7.601793500871359,17.94242522271708,1.634984337053762
2026-07-28,6.466998100845377,8.02689105663978,9.402441533257296,10.610990386842477,14.071251385968349,15.900220422336844,16.659066445159873,16.7315657005338,15.774151700916804,13.431259709027888,11.892686898833565,9.927911938839824,81.34509720956714,95,64,-0.3395735706833351,5.043327387809292,49.1309331182675,2.9443497280686244
2026-07-29,6.406834301923846,7.9321679964965135,9.222983354009525,10.310852184090699,13.132235286437115,14.363867726511256,14.74118140797491,14.679163365585623,14.053915360179811,12.993694561929003,12.433732752795368,11.812567216780975,79.4991783690893,96,46,9.162842619645124,-4.552088834288835,25.33306397157576,1.9208120062312046
2026-07-30,6.473419349333653,8.110207576611348,9.51072185547418,10.705162494639554,13.905462393863163,15.426471415429535,16.008493182254835,16.08272634649233,15.59231104886228,14.567045394992435,13.992326433917833,13.33909905440838,76.45509307514047,98,62,10.494045550580331,-5.928102878672112,27.225890502047495,2.0162163190138576
2026-07-31,6.473852905904911,8.079706504029062,9.455637312254655,10.6306007192913,13.78590858343285,15.287231086720638,15.855954721344775,15.916171313501856,15.390500221060522,14.305256065837572,13.694182947272001,12.996591453227587,76.86907540280708,100,76,9.94122582465429,-5.336068832524856,27.772211743481265,2.0567366597594203
2026-08-03,6.474831556704327,7.980407730230476,9.27878089811053,10.39518534490047,13.449373357170632,14.96997042931687,15.605554877859976,15.744749980723931,15.359772892009694,14.409231692647868,13.850376032623473,13.200870209399849,77.64860074996587,102,54,10.308118122915719,-5.574632847584207,26.185489404421745,2.123376026822296
2026-08-04,6.519369687072844,8.034449991306909,9.317703458874425,10.401713421783862,13.253404165932622,14.58673337074619,15.117669294153757,15.237950209529853,14.993760467663176,14.422559911351154,14.11094006455462,13.76587213823155,76.07566920160083,100,85,12.306937646113994,-7.572194259168226,19.922307919373136,1.7775897279848683
2026-08-05,6.404553351002901,7.906362498179217,9.188961216771077,10.280410564170161,13.18386827283192,14.532789624231567,15.015447543665807,15.03260027483747,14.491199403134056,13.447053818355286,12.87016351532601,12.216841523318521,77.93681412919639,100,72,9.376202030241279,-4.724639151931733,25.896798930338726,2.0248847684412814
2026-08-06,6.397327383289266,7.98164495932742,9.304565908644534,10.406558115121529,13.218608544674925,14.471256800941742,14.95305658658351,15.066340250612974,14.89463645894297,14.498622559732048,14.292505946878055,14.070374253696777,78.18754791177314,101,35,13.151947580508574,-8.64800147822713,17.4012021854661,1.5761811966142396
2026-08-07,6.452718555682246,8.062423594000753,9.410548115883088,10.53592600137198,13.406969230477348,14.655685327902257,15.084279347388552,15.115258644171016,14.752146593054118,14.105030646682756,13.773932508929313,13.415754752518021,79.74577808289375,100,62,11.925857372632468,-7.389767188820712,20.700046488894476,1.6823951477945793
2026-08-10,6.572324317638063,8.099356283875418,9.390693671414743,10.47972178751771,13.332315112449582,14.652815736971812,15.168603903380696,15.275584622742393,15.013282217383459,14.429893623100941,14.114897767176828,13.76737890243536,81.4830005362579,103,78,12.301953633232438,-7.531049020227449,20.02936338041305,1.7639791227346076
2026-08-11,6.526898172129696,8.091997025172123,9.414709277729381,10.528857529285165,13.428965678837677,14.734694900506092,15.198846131919602,15.235681370224917,14.820666780510077,14.042079948503414,13.629589216689356,13.174991917929413,80.4687695702734,100,80,11.253937970289948,-6.573597479004989,22.498645363370635,1.8153998269404565
2026-08-12,6.54625616159671,8.267421437038006,9.678788610953607,10.83171670776232,13.622880261991217,14.70606441579015,15.001849899111797,14.95501791287565,14.560123581353796,13.990179717663256,13.720634573329802,13.437999381018699,80.48336118842984,101,57,12.285898961592942,-7.831797689565115,19.485087335359776,1.4840555404806457
2026-08-13,6.516207192875827,8.229704660037939,9.679553418616132,10.90025566021922,14.042022451710249,15.355518367161103,15.673650961609718,15.475719542992723,14.495545111356435,12.930553247379923,12.10464515574019,11.18311650326806,81.5005689267989,100,75,7.217158757052797,-2.717481811902857,32.428645435981416,2.0129264681977204
2026-08-14,6.569972845313649,8.192195525092256,9.549694038939545,10.680550760626037,13.529581036037357,14.69271108671488,14.993298953976058,14.875490958813014,14.211040614262238,13.193667279168654,12.680660290404566,12.124191125454024,80.51438962619744,101,79,9.796451114615019,-5.157583408257813,24.80427941612917,1.781772964946796
2026-08-17,6.307873112684536,7.963033383415245,9.363995401050882,10.544177488292863,13.589459999572542,14.878143240246057,15.212115186877893,15.051332509564235,14.167319720898448,12.73727385225363,11.981886901826615,11.139717440667525,86.56205080728127,104,80,7.520708714674177,-3.1603751361065058,30.496876942930633,1.9960166442676677
2026-08-18,6.310068526412981,7.898471944223166,9.258928784145432,10.419091953698103,13.505726155498369,14.906316223653265,15.340795291269751,15.242714152531272,14.37216694927259,12.806598328296207,11.933655808754988,10.930781567749396,85.6026127670684,101,77,6.4770452727553725,-2.014564174413515,32.806266892125485,2.18880360591488
2026-08-19,6.242253329667971,7.911541700219633,9.306509780152522,10.466561879861075,13.37078354485934,14.527339991545063,14.791314668374055,14.624628739670873,13.859075298123855,12.720530535899162,12.14942371510368,11.53038641596879,87.98869471878649,101,89,8.940601537385286,-4.687619356996289,26.399720479909934,1.7938558031647232
2026-08-20,6.268262219900374,7.932526179892672,9.313116556891767,10.454210179927868,13.293617635715517,14.459211532840024,14.811788831255384,14.788758743255535,14.375764019696621,13.72617059957939,13.406957207554065,13.066974945616359,85.95066378668965,101,66,11.667427340394754,-7.399110103481037,20.556846663555458,1.5975969475411278
2026-08-21,6.205833765607888,7.930984441306064,9.351491708398164,10.516819429670733,13.366849501070725,14.497735404881961,14.821431307278292,14.786201259708417,14.387004869820592,13.79072888679997,13.504889422937085,13.203639232109227,87.52351147038473,101,68,11.972001390975727,-7.854657989870808,20.020031706508426,1.519975784617857
2026-08-24,5.99491530419038,7.505483436173644,8.802953828969438,9.913994818825152,12.9226427146546,14.388921193581432,14.980128570856749,15.089813835717866,14.684713991000168,13.757358488056013,13.22495094924234,12.61354676712797,84.62995298213043,103,88,9.924887422782172,-5.683941720282736,25.405311276924596,2.0596815864222084
2026-08-25,5.952438755255113,7.4270842262378265,8.701760497646049,9.799801837005539,12.807208719487885,14.286562851752763,14.86537850888233,14.929328834982071,14.356556710183128,13.108136278002716,12.374449266103571,11.512988193826253,84.41363604422591,100,68,7.605454995554229,-3.3538761932625705,29.595340888351824,2.258636166407405
2026-08-26,6.010702145423845,7.405421708615823,8.624902173173021,9.687655455814902,12.680476599061315,14.233672077173054,14.891523510116386,15.006386232419462,14.428840526287086,12.99450274553265,12.094523698424123,10.992975023827157,84.7192368566569,100,74,5.694357495770568,-1.2741787376548883,33.185701444534025,2.5400348603636487
2026-08-27,6.049569267092205,7.546664770508222,8.826003284973341,9.916937210081006,12.858915910839066,14.316608420911589,14.96369508190061,15.17888633767938,15.061536910795528,14.58001598719197,14.296243244237413,13.974004909876967,82.44326301996188,100,78,12.587483972795384,-8.28654352423577,19.59656286694541,1.8471617281380333
2026-08-28,6.0406796824043685,7.521609920161723,8.788158207955755,9.868103872138988,12.764664043374598,14.153834859045242,14.705597768015785,14.80672014315916,14.442592451673288,13.628965747458487,13.170924897320447,12.651392517785064,84.05071202422843,98,59,10.39810471692321,-6.084468270834109,23.308599768301285,1.973460000879311
2026-08-31,5.797974893358022,7.3532631630798075,8.686959024381814,9.82679599057639,12.893719052073127,14.358371573544208,14.916119525642832,14.977290064979545,14.464656400486874,13.397999518826717,12.794946219640345,12.104887343972878,81.91703751436461,101,60,9.074598051584726,-5.085005962027994,27.17958665090519,2.0719928981198623
2026-09-01,5.949442209805176,7.345408530354513,8.55662891797614,9.604832862587273,12.52160377175695,14.031833997051146,14.711954705272719,14.914004700598454,14.65020312131556,13.82100470317559,13.309612485291996,12.703311523978254,77.5786176118541,100,60,9.949349307601603,-5.605112304220563,24.607899488813068,2.197313359879314
2026-09-02,5.8535778393318925,7.257931223804883,8.480155646339522,9.540792720037956,12.505552304694994,14.040650759292907,14.714289392772098,14.881774408912865,14.493381340034155,13.431260796637146,12.774626990034832,11.987316194969559,78.19171126036255,100,73,8.338729658581974,-4.094650729080402,27.93540379285934,2.327197617433175
2026-09-03,5.838910408887493,7.262502361847583,8.485461254857203,9.533750088775868,12.393470356914097,13.836926337072091,14.487427178098647,14.704573872717155,14.57101513232013,14.03474333986626,13.712290479060787,13.341036785966898,78.62360885377058,99,64,11.720221255434074,-7.535220369115948,20.12568984545375,1.9424838452940378
2026-09-04,5.9208395562010026,7.374650419639306,8.619971880330755,9.683939740339508,12.55796559030767,13.969528190476847,14.568046613497447,14.727107980017536,14.483678125207842,13.822140012130008,13.440544095570331,13.005781542395106,77.97052804529599,100,54,11.1186858011954,-6.891181019310069,21.51648833497326,1.9462385840170526
2026-09-07,5.662953879478547,7.019205891249266,8.192169786852617,9.204322851697187,12.007354866640723,13.45835134272389,14.12806826047473,14.356622383502595,14.209920032959996,13.601162290495079,13.223574183965184,12.780018376824936,79.36067118535213,101,49,10.799117115960296,-6.701198661927778,21.15014625561981,2.073805796681013
2026-09-08,5.775700627928432,7.139126412371736,8.312039821481568,9.318549151364477,12.066667449290254,13.445982497064545,14.050403882461659,14.227480836129946,14.018543907525572,13.380839063320181,13.002813801905065,12.566636442535023,77.81552289598842,98,52,10.650320771191426,-6.456018569486731,20.865525294427577,2.00838684775183
2026-09-09,5.710512910719725,7.001330594772984,8.12488457726778,9.101122609165234,11.856334085204777,13.348057588454699,14.094751310139316,14.409960698547543,14.422536879490488,13.98419802134608,13.68230781985249,13.31672408049538,76.78711372664307,98,60,11.646530453622868,-7.4166552030289035,19.384726209101164,2.115296011888943
2026-09-10,5.692057494357396,6.99077362616902,8.11536700722613,9.08782188150782,11.807581146532549,13.268626714431086,14.008702937831007,14.342203284348818,14.442349075360099,14.17724150059222,13.982196267448106,13.746814595962897,77.49243587188005,98,54,12.690584684584833,-8.496444178231508,16.656558239425127,1.956841976774323
2026-09-11,5.583801428135905,7.006572034445158,8.215845544077423,9.24207586971661,11.98827380625618,13.348844775503316,13.975870889745632,14.222109974756368,14.240188695143376,13.987892505756571,13.83059880631034,13.652354182205883,80.5973388432792,99,51,12.893575856876126,-8.981446300884274,15.682709201333408,1.703968975821625
2026-09-14,5.7263427626313135,7.003721622885642,8.120172719349599,9.093661217692826,11.853982396377615,13.33964484848811,14.050210098342257,14.299330326594049,14.119638586036773,13.350951325548234,12.849085069211416,12.237622624834033,78.84887683242356,102,50,9.371244587994358,-5.10332636293723,23.859038511656625,2.326307637485928
2026-09-15,5.436813565803117,6.927517627641267,8.204604097031256,9.295387729421607,12.23233989922866,13.65035307777313,14.217602244133614,14.32300964417729,13.946098080560416,13.093690756452162,12.61000608703211,12.058763517999573,83.59532034149116,99,60,9.655628966179894,-5.954274951564398,24.038723328632596,2.005657177094662
2026-09-16,5.559184107085333,6.8547857992375505,7.9920090529539305,8.988097256379577,11.846533300162662,13.426904796450597,14.2185797199439,14.53259247215455,14.439080706335346,13.727053284976112,13.237958363925932,12.630625032431976,78.40666120036697,98,62,9.72754655446804,-5.641598671582464,24.245236719619736,2.381010468294555
2026-09-17,5.633041770742942,6.912714619323333,8.036308914592158,9.021024819045348,11.854916874669412,13.439007372647414,14.255044120079047,14.607085843024251,14.609451563340823,14.044591452283191,13.640165142132805,13.134920217756473,77.7345906396026,98,51,10.723971172447797,-6.545925859722186,22.327841883413708,2.329083577355437
2026-09-18,5.73651303403652,6.974204458426973,8.062967167741112,9.019418073777544,11.795187943176696,13.386765057228015,14.25206687641862,14.67781180287395,14.856591376092794,14.546816491616923,14.283248348319603,13.943604490904537,77.20699991182421,98,50,12.304383168278493,-7.973128983748556,19.043247609492553,2.2576734259067957
2026-09-22,5.6166756945475615,6.93093712536748,8.07683520320087,9.074182402934195,11.900256164723778,13.441371679727506,14.219129616730385,14.551324125208238,14.570916673539646,14.113574717575473,13.794579370582747,13.405772272183718,76.60832771146858,98,46,11.61624540579249,-7.504557281806634,20.141207222797192,2.148404162966456
2026-09-23,5.728779762176353,7.017445417174727,8.14831703031942,9.139060416254846,11.991123675197148,13.593031863011007,14.431656077660183,14.811604351834475,14.88024394611875,14.418257992583207,14.074334865072364,13.643054815813825,76.157833701801,98,70,11.5935582567075,-7.331050559257472,21.068063622985655,2.2722688941599234
2026-09-24,5.848318542222678,7.036962351192189,8.092438365196427,9.028071556277963,11.796223935303356,13.425423644549197,14.320256901231364,14.74823652459469,14.846174785396308,14.290163384613411,13.842545302934598,13.251540624588936,74.93746857608247,98,51,10.215531172404697,-5.70376682631272,23.71705673625922,2.59753111437088
2026-09-25,5.688316077222666,6.925783600621436,8.022436331471853,8.992555648262245,11.847270925175085,13.50844585011512,14.405359303281742,14.820171154271181,14.876198683672023,14.261146821821276,13.784570027800367,13.16325016084096,75.8404610060577,98,60,10.015490528282992,-5.721279255790742,24.6026293569604,2.564407180595681
2026-09-28,5.635457287094249,6.891761551642065,8.000433952987336,8.976854048224489,11.816807826668748,13.428289207659397,14.2643217832377,14.61911560196231,14.575890946150377,13.86975938914781,13.359975331968677,12.711327351281799,78.81915107010603,101,44,9.509824130770632,-5.295389150874655,24.91339982190317,2.501489872894443
2026-09-29,5.620150587775681,6.8419519616595,7.929612445351287,8.895700685939083,11.758501031752626,13.427918950107758,14.307724415361509,14.67335760704296,14.548235886799747,13.552584349064862,12.811974448665932,11.833017866084827,77.14640883756037,98,53,6.615398778703128,-2.364985642567676,30.7507501747613,2.8574977228897422
2026-09-30,5.483999476674648,6.800603286554511,7.973373204925969,9.015782500227015,12.111363285281165,13.926850674607962,14.8948383315233,15.31037461206239,15.219035501712158,14.204381809202324,13.438432250470097,12.422129403709153,78.95725203362498,99,71,6.9929733546555815,-2.9842010934521044,32.59210074957568,2.8509895399040746
2026-10-01,5.507690039610587,6.80055591966158,7.950106944880964,8.969586337330082,11.973174870196491,13.692197652733185,14.557809043355997,14.866233711381494,14.55534317104193,13.22816382781366,12.279088089345073,11.032539572006039,79.18792307755147,98,54,4.355897016676798,-0.29889539817410965,35.73717431256041,2.934963859546933
2026-10-02,5.574810531589001,6.90165832793456,8.086924345717946,9.142651189962322,12.278994834323072,14.08568251178574,14.979521736984228,15.256956479353184,14.738811219488506,12.88965594269291,11.547481631995609,9.737114329903232,79.94164506027847,98,33,-0.6668697016561834,4.760169560485055,45.633846948927584,3.2678462205745524
